Date,Harga_Aktual,Prediksi_Uji
2015-01-02,1348.5760498046875,
2015-01-05,1342.7880859375,
2015-01-06,1334.106201171875,
2015-01-07,1363.045654296875,
2015-01-08,1386.1971435546875,
2015-01-09,1391.9852294921875,
2015-01-12,1360.1517333984375,
2015-01-13,1368.8336181640625,
2015-01-14,1360.1517333984375,
2015-01-15,1354.3638916015625,
2015-01-16,1339.8939208984375,
2015-01-19,1342.7880859375,
2015-01-20,1331.21240234375,
2015-01-21,1322.5302734375,
2015-01-22,1328.3187255859375,
2015-01-23,1374.62158203125,
2015-01-26,1374.62158203125,
2015-01-27,1380.4091796875,
2015-01-28,1354.3638916015625,
2015-01-29,1354.3638916015625,
2015-01-30,1351.469970703125,
2015-02-02,1357.2578125,
2015-02-03,1360.1517333984375,
2015-02-04,1363.045654296875,
2015-02-05,1354.3638916015625,
2015-02-06,1348.5760498046875,
2015-02-09,1351.469970703125,
2015-02-10,1348.5760498046875,
2015-02-11,1354.3638916015625,
2015-02-12,1374.62158203125,
2015-02-13,1389.091064453125,
2015-02-16,1391.9852294921875,
2015-02-17,1389.091064453125,
2015-02-18,1444.0760498046875,
2015-02-20,1473.015380859375,
2015-02-23,1470.1214599609375,
2015-02-24,1481.697265625,
2015-02-25,1496.1669921875,
2015-02-26,1499.0609130859375,
2015-02-27,1490.37890625,
2015-03-02,1499.0609130859375,
2015-03-03,1490.37890625,
2015-03-04,1484.5911865234375,
2015-03-05,1487.4849853515625,
2015-03-06,1513.5306396484375,
2015-03-09,1496.1669921875,
2015-03-10,1490.37890625,
2015-03-11,1487.4849853515625,
2015-03-12,1493.2730712890625,
2015-03-13,1475.909423828125,
2015-03-16,1493.2730712890625,
2015-03-17,1496.1669921875,
2015-03-18,1501.9547119140625,
2015-03-19,1510.636474609375,
2015-03-20,1493.2730712890625,
2015-03-23,1493.2730712890625,
2015-03-24,1504.848876953125,
2015-03-25,1522.2122802734375,
2015-03-26,1519.3184814453125,
2015-03-27,1548.307373046875,
2015-03-30,1542.3861083984375,
2015-03-31,1571.9906005859375,
2015-04-01,1539.426025390625,
2015-04-02,1539.426025390625,
2015-04-06,1542.3861083984375,
2015-04-07,1560.1488037109375,
2015-04-08,1551.267578125,
2015-04-09,1548.307373046875,
2015-04-10,1542.3861083984375,
2015-04-13,1539.426025390625,
2015-04-14,1539.426025390625,
2015-04-15,1548.307373046875,
2015-04-16,1554.2281494140625,
2015-04-17,1539.426025390625,
2015-04-20,1557.188232421875,
2015-04-21,1563.109130859375,
2015-04-22,1560.1488037109375,
2015-04-23,1545.3466796875,
2015-04-24,1533.505126953125,
2015-04-27,1423.968994140625,
2015-04-28,1406.206298828125,
2015-04-29,1376.6016845703125,
2015-04-30,1376.6016845703125,
2015-05-04,1376.6016845703125,
2015-05-05,1385.483154296875,
2015-05-06,1391.404052734375,
2015-05-07,1376.6016845703125,
2015-05-08,1379.5623779296875,
2015-05-11,1394.3646240234375,
2015-05-12,1423.968994140625,
2015-05-13,1441.7315673828125,
2015-05-15,1397.3248291015625,
2015-05-18,1421.008544921875,
2015-05-19,1453.5731201171875,
2015-05-20,1477.2568359375,
2015-05-21,1509.821533203125,
2015-05-22,1492.0589599609375,
2015-05-25,1462.45458984375,
2015-05-26,1465.4151611328125,
2015-05-27,1415.0877685546875,
2015-05-28,1400.2855224609375,
2015-05-29,1394.3646240234375,
2015-06-01,1388.4437255859375,
2015-06-03,1332.1954345703125,
2015-06-04,1317.3934326171875,
2015-06-05,1338.1162109375,
2015-06-08,1302.5911865234375,
2015-06-09,1240.4219970703125,
2015-06-10,1231.540771484375,
2015-06-11,1198.9759521484375,
2015-06-12,1228.5802001953125,
2015-06-15,1201.9365234375,
2015-06-16,1249.3033447265625,
2015-06-17,1302.5911865234375,
2015-06-18,1275.9471435546875,
2015-06-19,1308.5120849609375,
2015-06-22,1296.6705322265625,
2015-06-23,1278.907470703125,
2015-06-24,1219.69921875,
2015-06-25,1207.8570556640625,
2015-06-26,1240.4219970703125,
2015-06-29,1228.5802001953125,
2015-06-30,1225.619873046875,
2015-07-01,1249.3033447265625,
2015-07-02,1287.788818359375,
2015-07-03,1281.8681640625,
2015-07-06,1231.540771484375,
2015-07-07,1240.4219970703125,
2015-07-08,1210.8177490234375,
2015-07-09,1219.69921875,
2015-07-10,1240.4219970703125,
2015-07-13,1240.4219970703125,
2015-07-14,1243.3824462890625,
2015-07-15,1198.9759521484375,
2015-07-22,1225.619873046875,
2015-07-23,1213.778076171875,
2015-07-24,1196.015380859375,
2015-07-27,1157.5299072265625,
2015-07-28,1113.123291015625,
2015-07-29,1124.9649658203125,
2015-07-30,1107.2022705078125,
2015-07-31,1184.1737060546875,
2015-08-03,1237.4615478515625,
2015-08-04,1231.540771484375,
2015-08-05,1278.907470703125,
2015-08-06,1275.9471435546875,
2015-08-07,1249.3033447265625,
2015-08-10,1252.2637939453125,
2015-08-11,1201.9365234375,
2015-08-12,1148.648681640625,
2015-08-13,1187.1341552734375,
2015-08-14,1210.8177490234375,
2015-08-18,1160.4903564453125,
2015-08-19,1172.3319091796875,
2015-08-20,1151.6090087890625,
2015-08-21,1124.9649658203125,
2015-08-24,1083.5189208984375,
2015-08-25,1124.9649658203125,
2015-08-26,1154.5694580078125,
2015-08-27,1243.3824462890625,
2015-08-28,1231.540771484375,
2015-08-31,1258.1845703125,
2015-09-01,1196.015380859375,
2015-09-02,1207.8570556640625,
2015-09-03,1201.9365234375,
2015-09-04,1193.054931640625,
2015-09-07,1157.5299072265625,
2015-09-08,1175.29248046875,
2015-09-09,1175.29248046875,
2015-09-10,1142.7275390625,
2015-09-11,1136.8070068359375,
2015-09-14,1139.7672119140625,
2015-09-15,1139.7672119140625,
2015-09-16,1136.8070068359375,
2015-09-17,1187.1341552734375,
2015-09-18,1157.5299072265625,
2015-09-21,1127.925537109375,
2015-09-22,1107.2022705078125,
2015-09-23,1042.0728759765625,
2015-09-25,1012.4685668945312,
2015-09-28,982.8641357421876,
2015-09-29,988.7850952148438,
2015-09-30,1024.310302734375,
2015-10-01,1033.191650390625,
2015-10-02,1027.2708740234375,
2015-10-05,1080.558349609375,
2015-10-06,1119.044189453125,
2015-10-07,1166.4111328125,
2015-10-08,1181.213134765625,
2015-10-09,1249.3033447265625,
2015-10-12,1278.907470703125,
2015-10-13,1187.1341552734375,
2015-10-15,1198.9759521484375,
2015-10-16,1219.69921875,
2015-10-19,1234.5010986328125,
2015-10-20,1258.1845703125,
2015-10-21,1249.3033447265625,
2015-10-22,1267.065673828125,
2015-10-23,1326.274658203125,
2015-10-26,1373.6414794921875,
2015-10-27,1373.6414794921875,
2015-10-28,1314.4329833984375,
2015-10-29,1272.9866943359375,
2015-10-30,1246.3427734375,
2015-11-02,1216.738525390625,
2015-11-03,1267.065673828125,
2015-11-04,1308.5120849609375,
2015-11-05,1270.0262451171875,
2015-11-06,1267.065673828125,
2015-11-09,1252.2637939453125,
2015-11-10,1237.4615478515625,
2015-11-11,1240.4219970703125,
2015-11-12,1246.3427734375,
2015-11-13,1246.3427734375,
2015-11-16,1246.3427734375,
2015-11-17,1290.7493896484375,
2015-11-18,1296.6705322265625,
2015-11-19,1299.630615234375,
2015-11-20,1302.5911865234375,
2015-11-23,1302.5911865234375,
2015-11-24,1308.5120849609375,
2015-11-25,1358.839599609375,
2015-11-26,1358.839599609375,
2015-11-27,1338.1162109375,
2015-11-30,1275.9471435546875,
2015-12-01,1332.1954345703125,
2015-12-02,1335.1558837890625,
2015-12-03,1335.1558837890625,
2015-12-04,1338.1162109375,
2015-12-07,1308.5120849609375,
2015-12-08,1290.7493896484375,
2015-12-09,1290.7493896484375,
2015-12-10,1287.788818359375,
2015-12-11,1281.8681640625,
2015-12-14,1264.1053466796875,
2015-12-15,1272.9866943359375,
2015-12-16,1344.0372314453125,
2015-12-17,1367.7208251953125,
2015-12-18,1287.788818359375,
2015-12-21,1314.4329833984375,
2015-12-22,1308.5120849609375,
2015-12-23,1314.4329833984375,
2015-12-28,1349.9581298828125,
2015-12-29,1349.9581298828125,
2015-12-30,1352.91845703125,
2016-01-04,1358.839599609375,
2016-01-05,1370.6810302734375,
2016-01-06,1364.76025390625,
2016-01-07,1332.1954345703125,
2016-01-08,1373.6414794921875,
2016-01-11,1346.9976806640625,
2016-01-12,1373.6414794921875,
2016-01-13,1373.6414794921875,
2016-01-14,1388.4437255859375,
2016-01-15,1355.87890625,
2016-01-18,1349.9581298828125,
2016-01-19,1361.7998046875,
2016-01-20,1302.5911865234375,
2016-01-21,1281.8681640625,
2016-01-22,1335.1558837890625,
2016-01-25,1352.91845703125,
2016-01-26,1338.1162109375,
2016-01-27,1346.9976806640625,
2016-01-28,1332.1954345703125,
2016-01-29,1329.23486328125,
2016-02-01,1329.23486328125,
2016-02-02,1305.5516357421875,
2016-02-03,1293.7099609375,
2016-02-04,1349.9581298828125,
2016-02-05,1456.5335693359375,
2016-02-09,1418.048095703125,
2016-02-10,1394.3646240234375,
2016-02-11,1406.206298828125,
2016-02-12,1397.3248291015625,
2016-02-15,1406.206298828125,
2016-02-16,1412.1270751953125,
2016-02-17,1415.0877685546875,
2016-02-18,1421.008544921875,
2016-02-19,1355.87890625,
2016-02-22,1299.630615234375,
2016-02-23,1255.22412109375,
2016-02-24,1264.1053466796875,
2016-02-25,1237.4615478515625,
2016-02-26,1284.8287353515625,
2016-02-29,1311.472412109375,
2016-03-01,1267.065673828125,
2016-03-02,1299.630615234375,
2016-03-03,1320.353515625,
2016-03-04,1346.9976806640625,
2016-03-07,1349.9581298828125,
2016-03-08,1341.0767822265625,
2016-03-10,1302.5911865234375,
2016-03-11,1302.5911865234375,
2016-03-14,1302.5911865234375,
2016-03-15,1311.472412109375,
2016-03-16,1308.5120849609375,
2016-03-17,1302.5911865234375,
2016-03-18,1317.3934326171875,
2016-03-21,1320.353515625,
2016-03-22,1323.3140869140625,
2016-03-23,1335.1558837890625,
2016-03-24,1335.1558837890625,
2016-03-28,1314.4329833984375,
2016-03-29,1299.630615234375,
2016-03-30,1320.353515625,
2016-03-31,1352.91845703125,
2016-04-01,1351.2947998046875,
2016-04-04,1351.2947998046875,
2016-04-05,1351.2947998046875,
2016-04-06,1357.38134765625,
2016-04-07,1351.2947998046875,
2016-04-08,1314.7730712890625,
2016-04-11,1314.7730712890625,
2016-04-12,1293.4691162109375,
2016-04-13,1293.4691162109375,
2016-04-14,1293.4691162109375,
2016-04-15,1293.4691162109375,
2016-04-18,1293.4691162109375,
2016-04-19,1293.4691162109375,
2016-04-20,1275.2083740234375,
2016-04-21,1302.59912109375,
2016-04-22,1326.9471435546875,
2016-04-25,1278.251953125,
2016-04-26,1241.7301025390625,
2016-04-27,1241.7301025390625,
2016-04-28,1263.034423828125,
2016-04-29,1259.990966796875,
2016-05-02,1250.860595703125,
2016-05-03,1281.2950439453125,
2016-05-04,1259.990966796875,
2016-05-09,1220.4261474609375,
2016-05-10,1223.4696044921875,
2016-05-11,1217.382568359375,
2016-05-12,1205.2086181640625,
2016-05-13,1202.1654052734375,
2016-05-16,1211.2957763671875,
2016-05-17,1180.8612060546875,
2016-05-18,1159.5570068359375,
2016-05-19,1177.8177490234375,
2016-05-20,1193.0350341796875,
2016-05-23,1208.2523193359375,
2016-05-24,1196.0782470703125,
2016-05-25,1208.2523193359375,
2016-05-26,1253.9041748046875,
2016-05-27,1266.0780029296875,
2016-05-30,1293.4691162109375,
2016-05-31,1259.990966796875,
2016-06-01,1272.1646728515625,
2016-06-02,1250.860595703125,
2016-06-03,1266.0780029296875,
2016-06-06,1290.4254150390625,
2016-06-07,1296.512451171875,
2016-06-08,1296.512451171875,
2016-06-09,1263.034423828125,
2016-06-10,1256.94775390625,
2016-06-13,1229.556396484375,
2016-06-14,1214.339111328125,
2016-06-15,1223.4696044921875,
2016-06-16,1241.7301025390625,
2016-06-17,1247.8170166015625,
2016-06-20,1256.94775390625,
2016-06-21,1266.0780029296875,
2016-06-22,1278.251953125,
2016-06-23,1269.1212158203125,
2016-06-24,1253.9041748046875,
2016-06-27,1244.77392578125,
2016-06-28,1263.034423828125,
2016-06-29,1299.5560302734375,
2016-06-30,1314.7730712890625,
2016-07-01,1308.686279296875,
2016-07-11,1381.729248046875,
2016-07-12,1399.989990234375,
2016-07-13,1406.0771484375,
2016-07-14,1384.772705078125,
2016-07-15,1399.989990234375,
2016-07-18,1396.9466552734375,
2016-07-19,1436.5113525390625,
2016-07-20,1445.641845703125,
2016-07-21,1399.989990234375,
2016-07-22,1390.8594970703125,
2016-07-25,1381.729248046875,
2016-07-26,1406.0771484375,
2016-07-27,1412.163818359375,
2016-07-28,1387.816162109375,
2016-07-29,1403.033447265625,
2016-08-01,1427.3809814453125,
2016-08-02,1430.4244384765625,
2016-08-03,1418.250732421875,
2016-08-04,1436.5113525390625,
2016-08-05,1457.8155517578125,
2016-08-08,1479.1197509765625,
2016-08-09,1460.859130859375,
2016-08-10,1460.859130859375,
2016-08-11,1448.685302734375,
2016-08-12,1454.7723388671875,
2016-08-15,1460.859130859375,
2016-08-16,1473.0328369140625,
2016-08-18,1473.0328369140625,
2016-08-19,1460.859130859375,
2016-08-22,1442.5982666015625,
2016-08-23,1406.0771484375,
2016-08-24,1418.250732421875,
2016-08-25,1442.5982666015625,
2016-08-26,1430.4244384765625,
2016-08-29,1399.989990234375,
2016-08-30,1403.033447265625,
2016-08-31,1418.250732421875,
2016-09-01,1424.337646484375,
2016-09-02,1415.20703125,
2016-09-05,1436.5113525390625,
2016-09-06,1445.641845703125,
2016-09-07,1457.8155517578125,
2016-09-08,1457.8155517578125,
2016-09-09,1430.4244384765625,
2016-09-13,1421.294189453125,
2016-09-14,1424.337646484375,
2016-09-15,1457.8155517578125,
2016-09-16,1451.728515625,
2016-09-19,1442.5982666015625,
2016-09-20,1460.859130859375,
2016-09-21,1460.859130859375,
2016-09-22,1469.9896240234375,
2016-09-23,1469.9896240234375,
2016-09-26,1463.902587890625,
2016-09-27,1473.0328369140625,
2016-09-28,1473.0328369140625,
2016-09-29,1488.250244140625,
2016-09-30,1485.206787109375,
2016-10-03,1494.3369140625,
2016-10-04,1494.3369140625,
2016-10-05,1497.380615234375,
2016-10-06,1509.554443359375,
2016-10-07,1457.8155517578125,
2016-10-10,1442.5982666015625,
2016-10-11,1454.7723388671875,
2016-10-12,1460.859130859375,
2016-10-13,1457.8155517578125,
2016-10-14,1488.250244140625,
2016-10-17,1479.1197509765625,
2016-10-18,1485.206787109375,
2016-10-19,1479.1197509765625,
2016-10-20,1476.0762939453125,
2016-10-21,1488.250244140625,
2016-10-24,1485.206787109375,
2016-10-25,1479.1197509765625,
2016-10-26,1469.9896240234375,
2016-10-27,1485.206787109375,
2016-10-28,1485.206787109375,
2016-10-31,1485.206787109375,
2016-11-01,1488.250244140625,
2016-11-02,1509.554443359375,
2016-11-03,1500.4239501953125,
2016-11-04,1509.554443359375,
2016-11-07,1515.6414794921875,
2016-11-08,1567.3800048828125,
2016-11-09,1533.902099609375,
2016-11-10,1546.075927734375,
2016-11-11,1457.8155517578125,
2016-11-14,1354.338134765625,
2016-11-15,1342.1644287109375,
2016-11-16,1399.989990234375,
2016-11-17,1399.989990234375,
2016-11-18,1399.989990234375,
2016-11-21,1393.903076171875,
2016-11-22,1396.9466552734375,
2016-11-23,1399.989990234375,
2016-11-24,1375.642333984375,
2016-11-25,1329.99072265625,
2016-11-28,1275.2083740234375,
2016-11-29,1284.338623046875,
2016-11-30,1326.9471435546875,
2016-12-01,1345.2078857421875,
2016-12-02,1375.642333984375,
2016-12-05,1354.338134765625,
2016-12-06,1378.685791015625,
2016-12-07,1390.8594970703125,
2016-12-08,1399.989990234375,
2016-12-09,1396.9466552734375,
2016-12-13,1427.3809814453125,
2016-12-14,1399.989990234375,
2016-12-15,1387.816162109375,
2016-12-16,1372.598876953125,
2016-12-19,1369.555419921875,
2016-12-20,1366.51171875,
2016-12-21,1339.120849609375,
2016-12-22,1323.9033203125,
2016-12-23,1323.9033203125,
2016-12-27,1339.120849609375,
2016-12-28,1384.772705078125,
2016-12-29,1418.250732421875,
2016-12-30,1421.294189453125,
2017-01-02,1421.294189453125,
2017-01-03,1448.685302734375,
2017-01-04,1485.206787109375,
2017-01-05,1473.0328369140625,
2017-01-06,1473.0328369140625,
2017-01-09,1430.4244384765625,
2017-01-10,1436.5113525390625,
2017-01-11,1436.5113525390625,
2017-01-12,1445.641845703125,
2017-01-13,1454.7723388671875,
2017-01-16,1448.685302734375,
2017-01-17,1451.728515625,
2017-01-18,1454.7723388671875,
2017-01-19,1460.859130859375,
2017-01-20,1436.5113525390625,
2017-01-23,1436.5113525390625,
2017-01-24,1439.554931640625,
2017-01-25,1424.337646484375,
2017-01-26,1430.4244384765625,
2017-01-27,1427.3809814453125,
2017-01-30,1430.4244384765625,
2017-01-31,1427.3809814453125,
2017-02-01,1454.7723388671875,
2017-02-02,1457.8155517578125,
2017-02-03,1460.859130859375,
2017-02-06,1466.9462890625,
2017-02-07,1463.902587890625,
2017-02-08,1454.7723388671875,
2017-02-09,1457.8155517578125,
2017-02-10,1463.902587890625,
2017-02-13,1469.9896240234375,
2017-02-14,1460.859130859375,
2017-02-15,1460.859130859375,
2017-02-16,1460.859130859375,
2017-02-17,1424.337646484375,
2017-02-20,1430.4244384765625,
2017-02-21,1448.685302734375,
2017-02-22,1460.859130859375,
2017-02-23,1451.728515625,
2017-02-24,1454.7723388671875,
2017-02-27,1445.641845703125,
2017-02-28,1454.7723388671875,
2017-03-01,1454.7723388671875,
2017-03-02,1442.5982666015625,
2017-03-03,1442.5982666015625,
2017-03-06,1454.7723388671875,
2017-03-07,1460.859130859375,
2017-03-08,1460.859130859375,
2017-03-09,1469.9896240234375,
2017-03-10,1469.9896240234375,
2017-03-13,1469.9896240234375,
2017-03-14,1466.9462890625,
2017-03-15,1479.1197509765625,
2017-03-16,1524.7718505859375,
2017-03-17,1582.5975341796875,
2017-03-20,1582.5975341796875,
2017-03-21,1582.5975341796875,
2017-03-22,1606.94482421875,
2017-03-23,1654.5823974609375,
2017-03-24,1654.5823974609375,
2017-03-27,1607.39892578125,
2017-03-29,1613.6898193359375,
2017-03-30,1629.41796875,
2017-03-31,1632.5633544921875,
2017-04-03,1638.8543701171875,
2017-04-04,1638.8543701171875,
2017-04-05,1638.8543701171875,
2017-04-06,1657.7281494140625,
2017-04-07,1642.0001220703125,
2017-04-10,1648.291259765625,
2017-04-11,1623.1265869140625,
2017-04-12,1607.39892578125,
2017-04-13,1597.9619140625,
2017-04-17,1563.3603515625,
2017-04-18,1619.9808349609375,
2017-04-19,1619.9808349609375,
2017-04-20,1604.253173828125,
2017-04-21,1626.272216796875,
2017-04-25,1651.43701171875,
2017-04-26,1664.019287109375,
2017-04-27,1635.709228515625,
2017-04-28,1623.1265869140625,
2017-05-02,1642.0001220703125,
2017-05-03,1660.87353515625,
2017-05-04,1752.0958251953125,
2017-05-05,1752.0958251953125,
2017-05-08,1774.1153564453125,
2017-05-09,1761.5325927734375,
2017-05-10,1758.3870849609375,
2017-05-12,1764.6783447265625,
2017-05-15,1799.2799072265625,
2017-05-16,1764.6783447265625,
2017-05-17,1774.1153564453125,
2017-05-18,1774.1153564453125,
2017-05-19,1824.4447021484373,
2017-05-22,1840.172607421875,
2017-05-23,1821.29931640625,
2017-05-24,1780.4063720703125,
2017-05-26,1789.8431396484375,
2017-05-29,1786.6976318359375,
2017-05-30,1786.6976318359375,
2017-05-31,1821.29931640625,
2017-06-01,1821.29931640625,
2017-06-02,1855.9010009765625,
2017-06-05,1890.502197265625,
2017-06-06,1846.4639892578125,
2017-06-07,1877.919677734375,
2017-06-08,1843.3182373046875,
2017-06-09,1808.717041015625,
2017-06-12,1840.172607421875,
2017-06-13,1821.29931640625,
2017-06-14,1868.4830322265625,
2017-06-15,1846.4639892578125,
2017-06-16,1846.4639892578125,
2017-06-19,1862.191650390625,
2017-06-20,1884.2109375,
2017-06-21,1925.103759765625,
2017-06-22,1918.8125,
2017-06-23,1918.8125,
2017-06-26,1918.8125,
2017-06-27,1918.8125,
2017-06-28,1918.8125,
2017-06-29,1918.8125,
2017-06-30,1918.8125,
2017-07-03,1950.2685546875,
2017-07-04,1925.103759765625,
2017-07-05,1912.521484375,
2017-07-06,1893.647705078125,
2017-07-07,1893.647705078125,
2017-07-10,1852.7550048828125,
2017-07-11,1840.172607421875,
2017-07-12,1865.33740234375,
2017-07-13,1874.774169921875,
2017-07-14,1862.191650390625,
2017-07-17,1887.356689453125,
2017-07-18,1874.774169921875,
2017-07-19,1852.7550048828125,
2017-07-20,1852.7550048828125,
2017-07-21,1846.4639892578125,
2017-07-24,1846.4639892578125,
2017-07-25,1862.191650390625,
2017-07-26,1859.0460205078125,
2017-07-27,1849.609375,
2017-07-28,1824.4447021484373,
2017-07-31,1859.0460205078125,
2017-08-01,1862.191650390625,
2017-08-02,1881.065185546875,
2017-08-03,1868.4830322265625,
2017-08-04,1877.919677734375,
2017-08-07,1874.774169921875,
2017-08-08,1881.065185546875,
2017-08-09,1890.502197265625,
2017-08-10,1887.356689453125,
2017-08-11,1887.356689453125,
2017-08-14,1896.793212890625,
2017-08-15,1893.647705078125,
2017-08-16,1918.8125,
2017-08-17,1918.8125,
2017-08-18,1906.22998046875,
2017-08-21,1921.958251953125,
2017-08-22,1925.103759765625,
2017-08-23,1925.103759765625,
2017-08-24,1915.6668701171875,
2017-08-25,1925.103759765625,
2017-08-28,1915.6668701171875,
2017-08-29,1884.2109375,
2017-08-30,1896.793212890625,
2017-08-31,1903.08447265625,
2017-09-01,1903.08447265625,
2017-09-04,1871.628173828125,
2017-09-05,1887.356689453125,
2017-09-06,1868.4830322265625,
2017-09-07,1887.356689453125,
2017-09-08,1887.356689453125,
2017-09-11,1881.065185546875,
2017-09-12,1877.919677734375,
2017-09-13,1874.774169921875,
2017-09-14,1865.33740234375,
2017-09-15,1868.4830322265625,
2017-09-18,1887.356689453125,
2017-09-19,1890.502197265625,
2017-09-20,1890.502197265625,
2017-09-21,1890.502197265625,
2017-09-22,1972.2877197265625,
2017-09-25,1972.2877197265625,
2017-09-26,1956.5595703125,
2017-09-27,1918.8125,
2017-09-28,1849.609375,
2017-09-29,1921.958251953125,
2017-10-02,1918.8125,
2017-10-03,1928.24951171875,
2017-10-04,1921.958251953125,
2017-10-05,1928.24951171875,
2017-10-06,1934.5406494140625,
2017-10-09,1934.5406494140625,
2017-10-10,1921.958251953125,
2017-10-11,1921.958251953125,
2017-10-12,1934.5406494140625,
2017-10-13,1931.3946533203125,
2017-10-16,1931.3946533203125,
2017-10-17,1937.6861572265625,
2017-10-18,1937.6861572265625,
2017-10-19,1950.2685546875,
2017-10-20,1965.99658203125,
2017-10-23,1965.99658203125,
2017-10-24,1947.123046875,
2017-10-25,1962.85107421875,
2017-10-26,1965.99658203125,
2017-10-27,1962.85107421875,
2017-10-30,1956.5595703125,
2017-10-31,1962.85107421875,
2017-11-01,1975.4329833984373,
2017-11-02,2006.8892822265625,
2017-11-03,2013.180419921875,
2017-11-06,2044.63623046875,
2017-11-07,2038.34521484375,
2017-11-08,2069.801025390625,
2017-11-09,2069.801025390625,
2017-11-10,2063.51025390625,
2017-11-13,2050.927734375,
2017-11-14,1994.306884765625,
2017-11-15,1975.4329833984373,
2017-11-16,2019.47119140625,
2017-11-17,2069.801025390625,
2017-11-20,2101.25732421875,
2017-11-21,2063.51025390625,
2017-11-22,2139.00390625,
2017-11-23,2113.83935546875,
2017-11-24,2107.54833984375,
2017-11-27,2076.09228515625,
2017-11-28,2126.421630859375,
2017-11-29,2076.09228515625,
2017-11-30,2019.47119140625,
2017-12-01,2019.47119140625,
2017-12-04,2076.09228515625,
2017-12-05,2107.54833984375,
2017-12-06,2176.751220703125,
2017-12-07,2126.421630859375,
2017-12-08,2120.13037109375,
2017-12-11,2164.168701171875,
2017-12-12,2170.460205078125,
2017-12-13,2170.460205078125,
2017-12-14,2176.751220703125,
2017-12-15,2132.712890625,
2017-12-18,2132.712890625,
2017-12-19,2164.168701171875,
2017-12-20,2139.00390625,
2017-12-21,2151.58642578125,
2017-12-22,2176.751220703125,
2017-12-25,2176.751220703125,
2017-12-26,2176.751220703125,
2017-12-27,2233.371826171875,
2017-12-28,2283.701904296875,
2017-12-29,2289.992431640625,
2018-01-01,2289.992431640625,
2018-01-02,2283.701904296875,
2018-01-03,2271.119140625,
2018-01-04,2233.371826171875,
2018-01-05,2258.536865234375,
2018-01-08,2258.536865234375,
2018-01-09,2245.954345703125,
2018-01-10,2220.78955078125,
2018-01-11,2227.08056640625,
2018-01-12,2227.08056640625,
2018-01-15,2233.371826171875,
2018-01-16,2271.119140625,
2018-01-17,2283.701904296875,
2018-01-18,2277.410400390625,
2018-01-19,2277.410400390625,
2018-01-22,2296.28369140625,
2018-01-23,2466.14599609375,
2018-01-24,2409.525390625,
2018-01-25,2371.77783203125,
2018-01-26,2422.107666015625,
2018-01-29,2390.6513671875,
2018-01-30,2340.322021484375,
2018-01-31,2327.739990234375,
2018-02-01,2327.739990234375,
2018-02-02,2352.904052734375,
2018-02-05,2378.069091796875,
2018-02-06,2315.157470703125,
2018-02-07,2327.739990234375,
2018-02-08,2340.322021484375,
2018-02-09,2334.03076171875,
2018-02-12,2390.6513671875,
2018-02-13,2440.981201171875,
2018-02-14,2428.398681640625,
2018-02-15,2415.816650390625,
2018-02-16,2415.816650390625,
2018-02-19,2428.398681640625,
2018-02-20,2390.6513671875,
2018-02-21,2390.6513671875,
2018-02-22,2371.77783203125,
2018-02-23,2384.3603515625,
2018-02-26,2352.904052734375,
2018-02-27,2371.77783203125,
2018-02-28,2378.069091796875,
2018-03-01,2384.3603515625,
2018-03-02,2384.3603515625,
2018-03-05,2371.77783203125,
2018-03-06,2346.61328125,
2018-03-07,2302.574951171875,
2018-03-08,2371.77783203125,
2018-03-09,2321.448974609375,
2018-03-12,2365.486572265625,
2018-03-13,2365.486572265625,
2018-03-14,2359.195556640625,
2018-03-15,2289.992431640625,
2018-03-16,2315.157470703125,
2018-03-19,2321.448974609375,
2018-03-20,2352.904052734375,
2018-03-21,2396.94287109375,
2018-03-22,2308.866455078125,
2018-03-23,2264.827880859375,
2018-03-26,2264.827880859375,
2018-03-27,2264.827880859375,
2018-03-28,2233.371826171875,
2018-03-29,2264.827880859375,
2018-03-30,2264.827880859375,
2018-04-02,2334.036376953125,
2018-04-03,2334.036376953125,
2018-04-04,2262.718505859375,
2018-04-05,2249.751953125,
2018-04-06,2256.2353515625,
2018-04-09,2288.652587890625,
2018-04-10,2321.069580078125,
2018-04-11,2366.45361328125,
2018-04-12,2327.552490234375,
2018-04-13,2301.619140625,
2018-04-16,2301.619140625,
2018-04-17,2301.619140625,
2018-04-18,2372.93701171875,
2018-04-19,2372.93701171875,
2018-04-20,2372.93701171875,
2018-04-23,2321.069580078125,
2018-04-24,2262.718505859375,
2018-04-25,2262.718505859375,
2018-04-26,2262.718505859375,
2018-04-27,2262.718505859375,
2018-04-30,2087.666015625,
2018-05-01,2087.666015625,
2018-05-02,2094.149658203125,
2018-05-03,2042.281494140625,
2018-05-04,1964.48046875,
2018-05-07,1977.447509765625,
2018-05-08,1990.41455078125,
2018-05-09,2081.1826171875,
2018-05-10,2081.1826171875,
2018-05-11,2048.765380859375,
2018-05-14,2068.215576171875,
2018-05-15,1990.41455078125,
2018-05-16,1990.41455078125,
2018-05-17,1938.546875,
2018-05-18,1906.129638671875,
2018-05-21,1789.42822265625,
2018-05-22,1763.494140625,
2018-05-23,1867.22900390625,
2018-05-24,1983.9310302734373,
2018-05-25,2022.831787109375,
2018-05-28,2107.1162109375,
2018-05-29,2107.1162109375,
2018-05-30,2035.798583984375,
2018-05-31,1996.8974609375,
2018-06-01,1996.8974609375,
2018-06-04,2029.315185546875,
2018-06-05,2016.3482666015625,
2018-06-06,2042.281494140625,
2018-06-07,2120.08349609375,
2018-06-08,2035.798583984375,
2018-06-11,2035.798583984375,
2018-06-12,2035.798583984375,
2018-06-13,2035.798583984375,
2018-06-14,2035.798583984375,
2018-06-15,2035.798583984375,
2018-06-18,2035.798583984375,
2018-06-19,2035.798583984375,
2018-06-20,1919.0965576171875,
2018-06-21,1886.6796875,
2018-06-22,1932.06396484375,
2018-06-25,1873.7127685546875,
2018-06-26,1828.3287353515625,
2018-06-27,1841.2952880859373,
2018-06-28,1782.9444580078125,
2018-06-29,1841.2952880859373,
2018-07-02,1847.7789306640625,
2018-07-03,1834.812255859375,
2018-07-04,1899.6463623046875,
2018-07-05,1886.6796875,
2018-07-06,1841.2952880859373,
2018-07-09,1951.5135498046875,
2018-07-10,1977.447509765625,
2018-07-11,1938.546875,
2018-07-12,1925.5804443359373,
2018-07-13,1925.5804443359373,
2018-07-16,1925.5804443359373,
2018-07-17,1860.74560546875,
2018-07-18,1847.7789306640625,
2018-07-19,1873.7127685546875,
2018-07-20,1932.06396484375,
2018-07-23,1970.964111328125,
2018-07-24,1951.5135498046875,
2018-07-25,1938.546875,
2018-07-26,1970.964111328125,
2018-07-27,2003.3812255859373,
2018-07-30,1996.8974609375,
2018-07-31,1990.41455078125,
2018-08-01,2068.215576171875,
2018-08-02,2107.1162109375,
2018-08-03,2158.983642578125,
2018-08-06,2210.851318359375,
2018-08-07,2171.95068359375,
2018-08-08,2158.983642578125,
2018-08-09,2158.983642578125,
2018-08-10,2197.884521484375,
2018-08-13,2035.798583984375,
2018-08-14,2029.315185546875,
2018-08-15,2081.1826171875,
2018-08-16,1977.447509765625,
2018-08-17,1977.447509765625,
2018-08-20,2061.73193359375,
2018-08-21,2042.281494140625,
2018-08-22,2042.281494140625,
2018-08-23,2120.08349609375,
2018-08-24,2120.08349609375,
2018-08-27,2191.40087890625,
2018-08-28,2158.983642578125,
2018-08-29,2133.049560546875,
2018-08-30,2068.215576171875,
2018-08-31,2061.73193359375,
2018-09-03,2055.24853515625,
2018-09-04,2016.3482666015625,
2018-09-05,1899.6463623046875,
2018-09-06,1919.0965576171875,
2018-09-07,1964.48046875,
2018-09-10,1925.5804443359373,
2018-09-11,1925.5804443359373,
2018-09-12,1886.6796875,
2018-09-13,1945.0303955078125,
2018-09-14,1990.41455078125,
2018-09-17,1925.5804443359373,
2018-09-18,1906.129638671875,
2018-09-19,1945.0303955078125,
2018-09-20,2003.3812255859373,
2018-09-21,2022.831787109375,
2018-09-24,1951.5135498046875,
2018-09-25,1964.48046875,
2018-09-26,1938.546875,
2018-09-27,1990.41455078125,
2018-09-28,2042.281494140625,
2018-10-01,2061.73193359375,
2018-10-02,2016.3482666015625,
2018-10-03,2009.8648681640625,
2018-10-04,1945.0303955078125,
2018-10-05,1932.06396484375,
2018-10-08,1925.5804443359373,
2018-10-09,1957.997314453125,
2018-10-10,1951.5135498046875,
2018-10-11,1886.6796875,
2018-10-12,1912.61328125,
2018-10-15,1945.0303955078125,
2018-10-16,1945.0303955078125,
2018-10-17,1990.41455078125,
2018-10-18,2003.3812255859373,
2018-10-19,1957.997314453125,
2018-10-22,1977.447509765625,
2018-10-23,1957.997314453125,
2018-10-24,1912.61328125,
2018-10-25,1945.0303955078125,
2018-10-26,1938.546875,
2018-10-29,1912.61328125,
2018-10-30,1964.48046875,
2018-10-31,2042.281494140625,
2018-11-01,2074.69921875,
2018-11-02,2126.566650390625,
2018-11-05,2120.08349609375,
2018-11-06,2158.983642578125,
2018-11-07,2184.917236328125,
2018-11-08,2236.78466796875,
2018-11-09,2165.46728515625,
2018-11-12,2126.566650390625,
2018-11-13,2171.95068359375,
2018-11-14,2171.95068359375,
2018-11-15,2210.851318359375,
2018-11-16,2262.718505859375,
2018-11-19,2282.168701171875,
2018-11-20,2282.168701171875,
2018-11-21,2223.817626953125,
2018-11-22,2301.619140625,
2018-11-23,2256.2353515625,
2018-11-26,2295.135986328125,
2018-11-27,2334.036376953125,
2018-11-28,2366.45361328125,
2018-11-29,2405.35400390625,
2018-11-30,2347.00341796875,
2018-12-03,2392.387451171875,
2018-12-04,2405.35400390625,
2018-12-05,2366.45361328125,
2018-12-06,2366.45361328125,
2018-12-07,2347.00341796875,
2018-12-10,2340.519775390625,
2018-12-11,2347.00341796875,
2018-12-12,2347.00341796875,
2018-12-13,2385.904052734375,
2018-12-14,2385.904052734375,
2018-12-17,2334.036376953125,
2018-12-18,2353.487060546875,
2018-12-19,2379.42041015625,
2018-12-20,2366.45361328125,
2018-12-21,2347.00341796875,
2018-12-24,2347.00341796875,
2018-12-25,2347.00341796875,
2018-12-26,2334.036376953125,
2018-12-27,2372.93701171875,
2018-12-28,2372.93701171875,
2018-12-31,2372.93701171875,
2019-01-01,2372.93701171875,
2019-01-02,2340.519775390625,
2019-01-03,2347.00341796875,
2019-01-04,2372.93701171875,
2019-01-07,2372.93701171875,
2019-01-08,2385.904052734375,
2019-01-09,2411.83740234375,
2019-01-10,2431.2880859375,
2019-01-11,2418.32080078125,
2019-01-14,2457.221923828125,
2019-01-15,2450.738525390625,
2019-01-16,2450.738525390625,
2019-01-17,2470.1884765625,
2019-01-18,2476.672119140625,
2019-01-21,2463.705078125,
2019-01-22,2444.2548828125,
2019-01-23,2444.2548828125,
2019-01-24,2457.221923828125,
2019-01-25,2450.738525390625,
2019-01-28,2450.738525390625,
2019-01-29,2392.387451171875,
2019-01-30,2431.2880859375,
2019-01-31,2496.122314453125,
2019-02-01,2541.50634765625,
2019-02-04,2528.53955078125,
2019-02-05,2528.53955078125,
2019-02-06,2541.50634765625,
2019-02-07,2547.98974609375,
2019-02-08,2522.055419921875,
2019-02-11,2509.089111328125,
2019-02-12,2496.122314453125,
2019-02-13,2457.221923828125,
2019-02-14,2463.705078125,
2019-02-15,2444.2548828125,
2019-02-18,2489.638916015625,
2019-02-19,2535.023193359375,
2019-02-20,2522.055419921875,
2019-02-21,2535.023193359375,
2019-02-22,2528.53955078125,
2019-02-25,2567.439697265625,
2019-02-26,2554.473388671875,
2019-02-27,2509.089111328125,
2019-02-28,2496.122314453125,
2019-03-01,2509.089111328125,
2019-03-04,2515.57275390625,
2019-03-05,2502.605712890625,
2019-03-06,2528.53955078125,
2019-03-07,2528.53955078125,
2019-03-08,2496.122314453125,
2019-03-11,2502.605712890625,
2019-03-12,2489.638916015625,
2019-03-13,2457.221923828125,
2019-03-14,2489.638916015625,
2019-03-15,2560.956787109375,
2019-03-18,2593.373779296875,
2019-03-19,2580.4072265625,
2019-03-20,2586.890380859375,
2019-03-21,2586.890380859375,
2019-03-22,2625.791015625,
2019-03-25,2599.857177734375,
2019-03-26,2632.2744140625,
2019-03-27,2625.791015625,
2019-03-28,2638.758056640625,
2019-03-29,2664.691650390625,
2019-04-01,2690.62548828125,
2019-04-02,2690.62548828125,
2019-04-03,2690.62548828125,
2019-04-04,2736.009521484375,
2019-04-05,2768.426513671875,
2019-04-08,2755.459716796875,
2019-04-09,2787.87646484375,
2019-04-10,2794.3603515625,
2019-04-11,2787.87646484375,
2019-04-12,2794.3603515625,
2019-04-15,2820.294189453125,
2019-04-16,2813.810546875,
2019-04-17,2813.810546875,
2019-04-18,2891.611572265625,
2019-04-19,2891.611572265625,
2019-04-22,2878.64501953125,
2019-04-23,2872.162109375,
2019-04-24,2852.7109375,
2019-04-25,2807.3271484375,
2019-04-26,2807.3271484375,
2019-04-29,2813.810546875,
2019-04-30,2833.260986328125,
2019-05-01,2833.260986328125,
2019-05-02,2833.260986328125,
2019-05-03,2839.744140625,
2019-05-06,2742.49267578125,
2019-05-07,2755.459716796875,
2019-05-08,2736.009521484375,
2019-05-09,2671.175048828125,
2019-05-10,2671.175048828125,
2019-05-13,2658.2080078125,
2019-05-14,2625.791015625,
2019-05-15,2522.055419921875,
2019-05-16,2502.605712890625,
2019-05-17,2457.221923828125,
2019-05-20,2431.2880859375,
2019-05-21,2431.2880859375,
2019-05-22,2444.2548828125,
2019-05-23,2496.122314453125,
2019-05-24,2584.86328125,
2019-05-27,2631.86083984375,
2019-05-28,2558.007568359375,
2019-05-29,2645.28857421875,
2019-05-30,2645.28857421875,
2019-05-31,2752.7109375,
2019-06-03,2752.7109375,
2019-06-04,2752.7109375,
2019-06-05,2752.7109375,
2019-06-06,2752.7109375,
2019-06-07,2752.7109375,
2019-06-10,2839.992431640625,
2019-06-11,2839.992431640625,
2019-06-12,2826.564697265625,
2019-06-13,2819.850830078125,
2019-06-14,2839.992431640625,
2019-06-17,2819.850830078125,
2019-06-18,2860.134521484375,
2019-06-19,2880.276123046875,
2019-06-20,2893.704345703125,
2019-06-21,2927.273681640625,
2019-06-24,2893.704345703125,
2019-06-25,2907.1318359375,
2019-06-26,2927.273681640625,
2019-06-27,2940.701171875,
2019-06-28,2927.273681640625,
2019-07-01,2967.557373046875,
2019-07-02,2960.843505859375,
2019-07-03,2954.129150390625,
2019-07-04,2947.4150390625,
2019-07-05,2954.129150390625,
2019-07-08,2954.129150390625,
2019-07-09,2960.843505859375,
2019-07-10,3001.127197265625,
2019-07-11,3027.982421875,
2019-07-12,3027.982421875,
2019-07-15,3041.41064453125,
2019-07-16,3054.838134765625,
2019-07-17,3034.6962890625,
2019-07-18,2987.69921875,
2019-07-19,3007.8408203125,
2019-07-22,3021.2685546875,
2019-07-23,3014.55419921875,
2019-07-24,2987.69921875,
2019-07-25,2994.412841796875,
2019-07-26,2980.985107421875,
2019-07-29,2994.412841796875,
2019-07-30,3021.2685546875,
2019-07-31,3007.8408203125,
2019-08-01,2987.69921875,
2019-08-02,2987.69921875,
2019-08-05,2866.84814453125,
2019-08-06,2752.7109375,
2019-08-07,2853.420166015625,
2019-08-08,2880.276123046875,
2019-08-09,2907.1318359375,
2019-08-12,2886.989990234375,
2019-08-13,2873.562255859375,
2019-08-14,2907.1318359375,
2019-08-15,2853.420166015625,
2019-08-16,2826.564697265625,
2019-08-19,2806.422607421875,
2019-08-20,2752.7109375,
2019-08-21,2719.141845703125,
2019-08-22,2732.56982421875,
2019-08-23,2739.283447265625,
2019-08-26,2732.56982421875,
2019-08-27,2819.850830078125,
2019-08-28,2813.136962890625,
2019-08-29,2819.850830078125,
2019-08-30,2866.84814453125,
2019-09-02,2833.278564453125,
2019-09-03,2786.281005859375,
2019-09-04,2792.995361328125,
2019-09-05,2833.278564453125,
2019-09-06,2866.84814453125,
2019-09-09,2799.708984375,
2019-09-10,2813.136962890625,
2019-09-11,2853.420166015625,
2019-09-12,2873.562255859375,
2019-09-13,2893.704345703125,
2019-09-16,2813.136962890625,
2019-09-17,2853.420166015625,
2019-09-18,2846.705810546875,
2019-09-19,2833.278564453125,
2019-09-20,2792.995361328125,
2019-09-23,2806.422607421875,
2019-09-24,2759.42529296875,
2019-09-25,2739.283447265625,
2019-09-26,2826.564697265625,
2019-09-27,2806.422607421875,
2019-09-30,2766.1396484375,
2019-10-01,2732.56982421875,
2019-10-02,2638.57470703125,
2019-10-03,2558.007568359375,
2019-10-04,2652.00244140625,
2019-10-07,2618.4326171875,
2019-10-08,2638.57470703125,
2019-10-09,2658.716552734375,
2019-10-10,2611.71826171875,
2019-10-11,2631.86083984375,
2019-10-14,2631.86083984375,
2019-10-15,2645.28857421875,
2019-10-16,2678.858154296875,
2019-10-17,2719.141845703125,
2019-10-18,2799.708984375,
2019-10-21,2766.1396484375,
2019-10-22,2779.567138671875,
2019-10-23,2806.422607421875,
2019-10-24,2886.989990234375,
2019-10-25,2839.992431640625,
2019-10-28,2839.992431640625,
2019-10-29,2839.992431640625,
2019-10-30,2853.420166015625,
2019-10-31,2826.564697265625,
2019-11-01,2806.422607421875,
2019-11-04,2792.995361328125,
2019-11-05,2886.989990234375,
2019-11-06,2792.995361328125,
2019-11-07,2685.572021484375,
2019-11-08,2678.858154296875,
2019-11-11,2685.572021484375,
2019-11-12,2685.572021484375,
2019-11-13,2658.716552734375,
2019-11-14,2645.28857421875,
2019-11-15,2745.997314453125,
2019-11-18,2766.1396484375,
2019-11-19,2813.136962890625,
2019-11-20,2833.278564453125,
2019-11-21,2833.278564453125,
2019-11-22,2826.564697265625,
2019-11-25,2772.853271484375,
2019-11-26,2786.281005859375,
2019-11-27,2799.708984375,
2019-11-28,2719.141845703125,
2019-11-29,2745.997314453125,
2019-12-02,2826.564697265625,
2019-12-03,2799.708984375,
2019-12-04,2772.853271484375,
2019-12-05,2833.278564453125,
2019-12-06,2799.708984375,
2019-12-09,2806.422607421875,
2019-12-10,2799.708984375,
2019-12-11,2826.564697265625,
2019-12-12,2853.420166015625,
2019-12-13,2873.562255859375,
2019-12-16,2907.1318359375,
2019-12-17,2920.5595703125,
2019-12-18,2954.129150390625,
2019-12-19,2920.5595703125,
2019-12-20,2927.273681640625,
2019-12-23,2987.69921875,
2019-12-26,2960.843505859375,
2019-12-27,2974.271484375,
2019-12-30,2954.129150390625,
2020-01-02,2960.843505859375,
2020-01-03,2967.557373046875,
2020-01-06,2933.9873046875,
2020-01-07,2954.129150390625,
2020-01-08,2940.701171875,
2020-01-09,2954.129150390625,
2020-01-10,2960.843505859375,
2020-01-13,3027.982421875,
2020-01-14,3068.266357421875,
2020-01-15,3074.980224609375,
2020-01-16,3068.266357421875,
2020-01-17,3108.549560546875,
2020-01-20,3128.69140625,
2020-01-21,3135.40576171875,
2020-01-22,3162.26123046875,
2020-01-23,3182.403076171875,
2020-01-24,3182.403076171875,
2020-01-27,3121.9775390625,
2020-01-28,3101.835693359375,
2020-01-29,3101.835693359375,
2020-01-30,3074.980224609375,
2020-01-31,2994.412841796875,
2020-02-03,2994.412841796875,
2020-02-04,3061.55224609375,
2020-02-05,3061.55224609375,
2020-02-06,3054.838134765625,
2020-02-07,3054.838134765625,
2020-02-10,3021.2685546875,
2020-02-11,3027.982421875,
2020-02-12,3041.41064453125,
2020-02-13,3068.266357421875,
2020-02-14,3054.838134765625,
2020-02-17,3001.127197265625,
2020-02-18,2954.129150390625,
2020-02-19,3007.8408203125,
2020-02-20,3061.55224609375,
2020-02-21,3027.982421875,
2020-02-24,3014.55419921875,
2020-02-25,3021.2685546875,
2020-02-26,3007.8408203125,
2020-02-27,2881.021728515625,
2020-02-28,2922.876953125,
2020-03-02,2776.384033203125,
2020-03-03,2860.093994140625,
2020-03-04,2943.80419921875,
2020-03-05,2894.97314453125,
2020-03-06,2797.311279296875,
2020-03-09,2615.939697265625,
2020-03-10,2727.55322265625,
2020-03-11,2727.55322265625,
2020-03-12,2518.278076171875,
2020-03-13,2595.012451171875,
2020-03-16,2441.543701171875,
2020-03-17,2274.12353515625,
2020-03-18,2190.41357421875,
2020-03-19,2043.9207763671875,
2020-03-20,1960.2108154296875,
2020-03-23,1827.6697998046875,
2020-03-24,1702.104736328125,
2020-03-26,2050.896728515625,
2020-03-27,2253.1962890625,
2020-03-30,2099.7275390625,
2020-03-31,2106.703369140625,
2020-04-01,2043.9207763671875,
2020-04-02,2002.0655517578125,
2020-04-03,2016.0174560546875,
2020-04-06,2106.703369140625,
2020-04-07,2113.67919921875,
2020-04-08,1967.1868896484373,
2020-04-09,1946.25927734375,
2020-04-13,1932.3076171875,
2020-04-14,2022.9932861328125,
2020-04-15,1925.3316650390625,
2020-04-16,1820.694091796875,
2020-04-17,1974.16259765625,
2020-04-20,1939.282958984375,
2020-04-21,1897.42822265625,
2020-04-22,1946.25927734375,
2020-04-23,1953.2349853515625,
2020-04-24,1834.6458740234373,
2020-04-27,1855.5736083984373,
2020-04-28,1806.742431640625,
2020-04-29,1799.7666015625,
2020-04-30,1904.4041748046875,
2020-05-04,1834.6458740234373,
2020-05-05,1834.6458740234373,
2020-05-06,1827.6697998046875,
2020-05-08,1806.742431640625,
2020-05-11,1827.6697998046875,
2020-05-12,1736.98388671875,
2020-05-13,1723.0322265625,
2020-05-14,1639.322021484375,
2020-05-15,1562.5880126953125,
2020-05-18,1513.75732421875,
2020-05-19,1653.27392578125,
2020-05-20,1730.0084228515625,
2020-05-26,1757.91162109375,
2020-05-27,1834.6458740234373,
2020-05-28,1904.4041748046875,
2020-05-29,2057.872802734375,
2020-06-02,2218.316650390625,
2020-06-03,2162.51025390625,
2020-06-04,2134.606689453125,
2020-06-05,2169.48583984375,
2020-06-08,2302.02685546875,
2020-06-09,2239.244384765625,
2020-06-10,2113.67919921875,
2020-06-11,2071.824462890625,
2020-06-12,2113.67919921875,
2020-06-15,2022.9932861328125,
2020-06-16,2183.437744140625,
2020-06-17,2162.51025390625,
2020-06-18,2127.630859375,
2020-06-19,2162.51025390625,
2020-06-22,2134.606689453125,
2020-06-23,2099.7275390625,
2020-06-24,2176.4619140625,
2020-06-25,2134.606689453125,
2020-06-26,2113.67919921875,
2020-06-29,2120.655029296875,
2020-06-30,2113.67919921875,
2020-07-01,2134.606689453125,
2020-07-02,2134.606689453125,
2020-07-03,2127.630859375,
2020-07-06,2120.655029296875,
2020-07-07,2113.67919921875,
2020-07-08,2225.29296875,
2020-07-09,2190.41357421875,
2020-07-10,2169.48583984375,
2020-07-13,2204.365234375,
2020-07-14,2211.34130859375,
2020-07-15,2183.437744140625,
2020-07-16,2190.41357421875,
2020-07-17,2162.51025390625,
2020-07-20,2127.630859375,
2020-07-21,2197.38916015625,
2020-07-22,2162.51025390625,
2020-07-23,2190.41357421875,
2020-07-24,2155.5341796875,
2020-07-27,2197.38916015625,
2020-07-28,2190.41357421875,
2020-07-29,2176.4619140625,
2020-07-30,2204.365234375,
2020-08-03,2085.77587890625,
2020-08-04,2148.558349609375,
2020-08-05,2148.558349609375,
2020-08-06,2169.48583984375,
2020-08-07,2169.48583984375,
2020-08-10,2183.437744140625,
2020-08-11,2225.29296875,
2020-08-12,2336.906005859375,
2020-08-13,2322.95458984375,
2020-08-14,2329.9306640625,
2020-08-18,2455.495361328125,
2020-08-19,2483.398681640625,
2020-08-24,2539.205322265625,
2020-08-25,2650.81884765625,
2020-08-26,2608.963623046875,
2020-08-27,2581.060546875,
2020-08-28,2574.0849609375,
2020-08-31,2448.519287109375,
2020-09-01,2518.278076171875,
2020-09-02,2553.1572265625,
2020-09-03,2497.350341796875,
2020-09-04,2476.42333984375,
2020-09-07,2448.519287109375,
2020-09-08,2455.495361328125,
2020-09-09,2378.761474609375,
2020-09-10,2218.316650390625,
2020-09-11,2267.147705078125,
2020-09-14,2399.688720703125,
2020-09-15,2322.95458984375,
2020-09-16,2274.12353515625,
2020-09-17,2232.268798828125,
2020-09-18,2246.219970703125,
2020-09-21,2225.29296875,
2020-09-22,2183.437744140625,
2020-09-23,2148.558349609375,
2020-09-24,2113.67919921875,
2020-09-25,2204.365234375,
2020-09-28,2155.5341796875,
2020-09-29,2120.655029296875,
2020-09-30,2120.655029296875,
2020-10-01,2204.365234375,
2020-10-02,2162.51025390625,
2020-10-05,2204.365234375,
2020-10-06,2225.29296875,
2020-10-07,2176.4619140625,
2020-10-08,2197.38916015625,
2020-10-09,2197.38916015625,
2020-10-12,2225.29296875,
2020-10-13,2288.0751953125,
2020-10-14,2343.881591796875,
2020-10-15,2309.0029296875,
2020-10-16,2267.147705078125,
2020-10-19,2288.0751953125,
2020-10-20,2267.147705078125,
2020-10-21,2260.171875,
2020-10-22,2302.02685546875,
2020-10-23,2295.05078125,
2020-10-26,2329.9306640625,
2020-10-27,2343.881591796875,
2020-11-02,2357.83349609375,
2020-11-03,2357.83349609375,
2020-11-04,2295.05078125,
2020-11-05,2434.567626953125,
2020-11-06,2483.398681640625,
2020-11-09,2574.0849609375,
2020-11-10,2790.335693359375,
2020-11-11,2874.046142578125,
2020-11-12,2755.45654296875,
2020-11-13,2790.335693359375,
2020-11-16,2762.432373046875,
2020-11-17,2762.432373046875,
2020-11-18,2818.2392578125,
2020-11-19,2818.2392578125,
2020-11-20,2804.287109375,
2020-11-23,2846.14208984375,
2020-11-24,2929.852783203125,
2020-11-25,3013.562255859375,
2020-11-26,2992.635009765625,
2020-11-27,2978.683349609375,
2020-11-30,2853.1181640625,
2020-12-01,2957.75537109375,
2020-12-02,2999.61083984375,
2020-12-03,3069.369140625,
2020-12-04,2999.61083984375,
2020-12-07,3069.369140625,
2020-12-08,3069.369140625,
2020-12-10,3020.538330078125,
2020-12-11,2985.6591796875,
2020-12-14,2985.6591796875,
2020-12-15,2985.6591796875,
2020-12-16,3013.562255859375,
2020-12-17,3020.538330078125,
2020-12-18,2985.6591796875,
2020-12-21,2936.828125,
2020-12-22,2881.021728515625,
2020-12-23,2901.94921875,
2020-12-28,2964.7314453125,
2020-12-29,2915.900390625,
2020-12-30,2908.9248046875,
2021-01-04,3006.586669921875,
2021-01-05,2978.683349609375,
2021-01-06,2929.852783203125,
2021-01-07,2985.6591796875,
2021-01-08,3062.39306640625,
2021-01-11,3243.765380859375,
2021-01-12,3292.59619140625,
2021-01-13,3341.42724609375,
2021-01-14,3327.47509765625,
2021-01-15,3194.934326171875,
2021-01-18,3222.83740234375,
2021-01-19,3222.83740234375,
2021-01-20,3411.18505859375,
2021-01-21,3341.42724609375,
2021-01-22,3292.59619140625,
2021-01-25,3334.451171875,
2021-01-26,3243.765380859375,
2021-01-27,3222.83740234375,
2021-01-28,3118.2001953125,
2021-01-29,2915.900390625,
2021-02-01,3069.369140625,
2021-02-02,3041.466064453125,
2021-02-03,3055.417236328125,
2021-02-04,3132.1513671875,
2021-02-05,3118.2001953125,
2021-02-08,3111.223876953125,
2021-02-09,3222.83740234375,
2021-02-10,3243.765380859375,
2021-02-11,3264.693115234375,
2021-02-15,3285.620361328125,
2021-02-16,3257.71728515625,
2021-02-17,3229.813232421875,
2021-02-18,3257.71728515625,
2021-02-19,3341.42724609375,
2021-02-22,3341.42724609375,
2021-02-23,3341.42724609375,
2021-02-24,3299.571533203125,
2021-02-25,3299.571533203125,
2021-02-26,3285.620361328125,
2021-03-01,3369.330078125,
2021-03-02,3348.402587890625,
2021-03-03,3383.282470703125,
2021-03-04,3320.499267578125,
2021-03-05,3327.47509765625,
2021-03-08,3299.571533203125,
2021-03-09,3194.934326171875,
2021-03-10,3229.813232421875,
2021-03-12,3194.934326171875,
2021-03-15,3187.95849609375,
2021-03-16,3292.59619140625,
2021-03-17,3257.71728515625,
2021-03-18,3320.499267578125,
2021-03-19,3257.71728515625,
2021-03-22,3229.813232421875,
2021-03-23,3257.71728515625,
2021-03-24,3257.71728515625,
2021-03-25,3222.83740234375,
2021-03-26,3292.59619140625,
2021-03-29,3292.59619140625,
2021-03-30,3139.127685546875,
2021-03-31,3069.369140625,
2021-04-01,2992.635009765625,
2021-04-05,2929.852783203125,
2021-04-06,3000.51123046875,
2021-04-07,3000.51123046875,
2021-04-08,3107.672607421875,
2021-04-09,3107.672607421875,
2021-04-12,3007.6552734375,
2021-04-13,2971.93505859375,
2021-04-14,3107.672607421875,
2021-04-15,3150.536865234375,
2021-04-16,3100.5283203125,
2021-04-19,3129.104736328125,
2021-04-20,3079.096435546875,
2021-04-21,3021.944091796875,
2021-04-22,3000.51123046875,
2021-04-23,3036.231689453125,
2021-04-26,2957.64697265625,
2021-04-27,2979.078857421875,
2021-04-28,2950.502685546875,
2021-04-29,2971.93505859375,
2021-04-30,2893.35009765625,
2021-05-03,2864.77392578125,
2021-05-04,2900.49462890625,
2021-05-05,2921.9267578125,
2021-05-06,2936.214599609375,
2021-05-07,2893.35009765625,
2021-05-10,2893.35009765625,
2021-05-11,2850.48583984375,
2021-05-17,2786.189208984375,
2021-05-18,2786.189208984375,
2021-05-19,2764.757080078125,
2021-05-20,2771.901123046875,
2021-05-21,2779.044921875,
2021-05-24,2886.206298828125,
2021-05-25,2900.49462890625,
2021-05-27,2821.90966796875,
2021-05-28,2907.638916015625,
2021-05-31,3043.3759765625,
2021-06-02,3043.3759765625,
2021-06-03,3114.816650390625,
2021-06-04,3100.5283203125,
2021-06-07,3036.231689453125,
2021-06-08,3000.51123046875,
2021-06-09,3014.79931640625,
2021-06-10,3071.952392578125,
2021-06-11,3057.6640625,
2021-06-14,3107.672607421875,
2021-06-15,3021.944091796875,
2021-06-16,2864.77392578125,
2021-06-17,2879.06201171875,
2021-06-18,2793.3330078125,
2021-06-21,2814.76513671875,
2021-06-22,2886.206298828125,
2021-06-23,2814.76513671875,
2021-06-24,2850.48583984375,
2021-06-25,2850.48583984375,
2021-06-28,2807.62158203125,
2021-06-29,2786.189208984375,
2021-06-30,2814.76513671875,
2021-07-01,2814.76513671875,
2021-07-02,2850.48583984375,
2021-07-05,2786.189208984375,
2021-07-06,2779.044921875,
2021-07-07,2729.036376953125,
2021-07-08,2764.757080078125,
2021-07-09,2714.74853515625,
2021-07-12,2686.171875,
2021-07-13,2700.46044921875,
2021-07-14,2650.451416015625,
2021-07-15,2721.892333984375,
2021-07-16,2743.32470703125,
2021-07-19,2700.46044921875,
2021-07-21,2729.036376953125,
2021-07-22,2786.189208984375,
2021-07-23,2764.757080078125,
2021-07-26,2736.180419921875,
2021-07-27,2714.74853515625,
2021-07-28,2664.739990234375,
2021-07-29,2693.316650390625,
2021-07-30,2650.451416015625,
2021-08-02,2671.8837890625,
2021-08-03,2679.027587890625,
2021-08-04,2750.468994140625,
2021-08-05,2893.35009765625,
2021-08-06,2807.62158203125,
2021-08-09,2750.468994140625,
2021-08-10,2729.036376953125,
2021-08-12,2721.892333984375,
2021-08-13,2764.757080078125,
2021-08-16,2807.62158203125,
2021-08-18,2907.638916015625,
2021-08-19,2771.901123046875,
2021-08-20,2807.62158203125,
2021-08-23,2829.053466796875,
2021-08-24,2779.044921875,
2021-08-25,2779.044921875,
2021-08-26,2764.757080078125,
2021-08-27,2743.32470703125,
2021-08-30,2814.76513671875,
2021-08-31,2807.62158203125,
2021-09-01,2779.044921875,
2021-09-02,2764.757080078125,
2021-09-03,2807.62158203125,
2021-09-06,2750.468994140625,
2021-09-07,2793.3330078125,
2021-09-08,2931.2646484375,
2021-09-09,2931.2646484375,
2021-09-10,2970.557861328125,
2021-09-13,2907.6884765625,
2021-09-14,2907.6884765625,
2021-09-15,2876.254150390625,
2021-09-16,2860.536865234375,
2021-09-17,2836.9609375,
2021-09-20,2821.243896484375,
2021-09-21,2805.526611328125,
2021-09-22,2836.9609375,
2021-09-23,2962.69921875,
2021-09-24,3001.99169921875,
2021-09-27,2946.9814453125,
2021-09-28,2923.40576171875,
2021-09-29,2939.123046875,
2021-09-30,3025.56787109375,
2021-10-01,3064.86083984375,
2021-10-04,3119.871337890625,
2021-10-05,3088.43701171875,
2021-10-06,3237.750732421875,
2021-10-07,3237.750732421875,
2021-10-08,3269.18505859375,
2021-10-11,3284.90234375,
2021-10-12,3316.337158203125,
2021-10-13,3363.488525390625,
2021-10-14,3339.912353515625,
2021-10-15,3394.9228515625,
2021-10-18,3465.650634765625,
2021-10-19,3457.7919921875,
2021-10-21,3426.357421875,
2021-10-22,3457.7919921875,
2021-10-25,3379.205810546875,
2021-10-26,3418.4990234375,
2021-10-27,3371.34716796875,
2021-10-28,3332.053955078125,
2021-10-29,3339.912353515625,
2021-11-01,3324.195556640625,
2021-11-02,3308.478271484375,
2021-11-03,3371.34716796875,
2021-11-04,3339.912353515625,
2021-11-05,3332.053955078125,
2021-11-08,3324.195556640625,
2021-11-09,3339.912353515625,
2021-11-10,3339.912353515625,
2021-11-11,3339.912353515625,
2021-11-12,3316.337158203125,
2021-11-15,3269.18505859375,
2021-11-16,3245.609619140625,
2021-11-17,3300.619384765625,
2021-11-18,3284.90234375,
2021-11-19,3363.488525390625,
2021-11-22,3363.488525390625,
2021-11-23,3308.478271484375,
2021-11-24,3308.478271484375,
2021-11-25,3316.337158203125,
2021-11-26,3269.18505859375,
2021-11-29,3277.04345703125,
2021-11-30,3214.1748046875,
2021-12-01,3206.316162109375,
2021-12-02,3300.619384765625,
2021-12-03,3277.04345703125,
2021-12-06,3229.891845703125,
2021-12-07,3324.195556640625,
2021-12-08,3308.478271484375,
2021-12-09,3292.7607421875,
2021-12-10,3245.609619140625,
2021-12-13,3269.18505859375,
2021-12-14,3245.609619140625,
2021-12-15,3300.619384765625,
2021-12-16,3253.467529296875,
2021-12-17,3229.891845703125,
2021-12-20,3237.750732421875,
2021-12-21,3206.316162109375,
2021-12-22,3182.740234375,
2021-12-23,3222.033203125,
2021-12-24,3198.45751953125,
2021-12-27,3190.59912109375,
2021-12-28,3214.1748046875,
2021-12-29,3206.316162109375,
2021-12-30,3229.891845703125,
2022-01-03,3284.90234375,
2022-01-04,3269.18505859375,
2022-01-05,3308.478271484375,
2022-01-06,3269.18505859375,
2022-01-07,3292.7607421875,
2022-01-10,3284.90234375,
2022-01-11,3261.32666015625,
2022-01-12,3269.18505859375,
2022-01-13,3292.7607421875,
2022-01-14,3284.90234375,
2022-01-17,3308.478271484375,
2022-01-18,3292.7607421875,
2022-01-19,3245.609619140625,
2022-01-20,3245.609619140625,
2022-01-21,3277.04345703125,
2022-01-24,3237.750732421875,
2022-01-25,3198.45751953125,
2022-01-26,3214.1748046875,
2022-01-27,3253.467529296875,
2022-01-28,3253.467529296875,
2022-01-31,3198.45751953125,
2022-02-02,3198.45751953125,
2022-02-03,3245.609619140625,
2022-02-04,3308.478271484375,
2022-02-07,3457.7919921875,
2022-02-08,3489.22607421875,
2022-02-09,3497.084716796875,
2022-02-10,3512.802734375,
2022-02-11,3497.084716796875,
2022-02-14,3465.650634765625,
2022-02-15,3481.36767578125,
2022-02-16,3473.509521484375,
2022-02-17,3457.7919921875,
2022-02-18,3481.36767578125,
2022-02-21,3528.519287109375,
2022-02-22,3481.36767578125,
2022-02-23,3520.660888671875,
2022-02-24,3449.93310546875,
2022-02-25,3575.671142578125,
2022-03-01,3638.540283203125,
2022-03-02,3583.52978515625,
2022-03-04,3669.97412109375,
2022-03-07,3552.095703125,
2022-03-08,3481.36767578125,
2022-03-09,3591.388671875,
2022-03-10,3591.388671875,
2022-03-11,3594.86181640625,
2022-03-14,3692.904052734375,
2022-03-15,3766.4345703125,
2022-03-16,3799.115478515625,
2022-03-17,3799.115478515625,
2022-03-18,3741.9248046875,
2022-03-21,3750.094970703125,
2022-03-22,3790.945556640625,
2022-03-23,3799.115478515625,
2022-03-24,3864.47705078125,
2022-03-25,3848.13623046875,
2022-03-28,3864.47705078125,
2022-03-29,3831.79638671875,
2022-03-30,3848.13623046875,
2022-03-31,3807.285888671875,
2022-04-01,3864.47705078125,
2022-04-04,3839.96630859375,
2022-04-05,3839.96630859375,
2022-04-06,3758.2646484375,
2022-04-07,3782.775634765625,
2022-04-08,3766.4345703125,
2022-04-11,3733.754638671875,
2022-04-12,3766.4345703125,
2022-04-13,3766.4345703125,
2022-04-14,3709.243896484375,
2022-04-18,3717.413818359375,
2022-04-19,3733.754638671875,
2022-04-20,3962.51806640625,
2022-04-21,3921.667724609375,
2022-04-22,3880.81689453125,
2022-04-25,3954.348388671875,
2022-04-26,4036.049560546875,
2022-04-27,3962.51806640625,
2022-04-28,3978.85888671875,
2022-05-09,3701.073974609375,
2022-05-10,3701.073974609375,
2022-05-11,3668.39306640625,
2022-05-12,3529.5009765625,
2022-05-13,3472.3095703125,
2022-05-17,3635.712646484375,
2022-05-18,3635.712646484375,
2022-05-19,3627.542236328125,
2022-05-20,3619.372314453125,
2022-05-23,3537.6708984375,
2022-05-24,3643.8828125,
2022-05-25,3554.011474609375,
2022-05-27,3709.243896484375,
2022-05-30,3619.372314453125,
2022-05-31,3782.775634765625,
2022-06-02,3660.22314453125,
2022-06-03,3692.904052734375,
2022-06-06,3619.372314453125,
2022-06-07,3594.86181640625,
2022-06-08,3652.05322265625,
2022-06-09,3668.39306640625,
2022-06-10,3594.86181640625,
2022-06-13,3545.841064453125,
2022-06-14,3562.181640625,
2022-06-15,3635.712646484375,
2022-06-16,3619.372314453125,
2022-06-17,3570.3515625,
2022-06-20,3594.86181640625,
2022-06-21,3578.52197265625,
2022-06-22,3529.5009765625,
2022-06-23,3521.3310546875,
2022-06-24,3545.841064453125,
2022-06-27,3496.8203125,
2022-06-28,3513.160400390625,
2022-06-29,3415.118896484375,
2022-06-30,3390.608642578125,
2022-07-01,3382.43798828125,
2022-07-04,3300.73681640625,
2022-07-05,3341.587646484375,
2022-07-06,3333.41748046875,
2022-07-07,3308.90673828125,
2022-07-08,3431.458984375,
2022-07-11,3366.09814453125,
2022-07-12,3357.927978515625,
2022-07-13,3317.07763671875,
2022-07-14,3325.247314453125,
2022-07-15,3357.927978515625,
2022-07-18,3382.43798828125,
2022-07-19,3357.927978515625,
2022-07-20,3513.160400390625,
2022-07-21,3521.3310546875,
2022-07-22,3488.650390625,
2022-07-25,3472.3095703125,
2022-07-26,3537.6708984375,
2022-07-27,3529.5009765625,
2022-07-28,3562.181640625,
2022-07-29,3562.181640625,
2022-08-01,3562.181640625,
2022-08-02,3594.86181640625,
2022-08-03,3578.52197265625,
2022-08-04,3562.181640625,
2022-08-05,3562.181640625,
2022-08-08,3570.3515625,
2022-08-09,3603.032470703125,
2022-08-10,3521.3310546875,
2022-08-11,3554.011474609375,
2022-08-12,3529.5009765625,
2022-08-15,3513.160400390625,
2022-08-16,3496.8203125,
2022-08-18,3537.6708984375,
2022-08-19,3513.160400390625,
2022-08-22,3488.650390625,
2022-08-23,3513.160400390625,
2022-08-24,3504.990478515625,
2022-08-25,3488.650390625,
2022-08-26,3488.650390625,
2022-08-29,3472.3095703125,
2022-08-30,3480.47998046875,
2022-08-31,3545.841064453125,
2022-09-01,3586.691650390625,
2022-09-02,3635.712646484375,
2022-09-05,3750.094970703125,
2022-09-06,3725.583984375,
2022-09-07,3643.8828125,
2022-09-08,3758.2646484375,
2022-09-09,3766.4345703125,
2022-09-12,3725.583984375,
2022-09-13,3741.9248046875,
2022-09-14,3741.9248046875,
2022-09-15,3766.4345703125,
2022-09-16,3676.56298828125,
2022-09-19,3733.754638671875,
2022-09-20,3668.39306640625,
2022-09-21,3717.413818359375,
2022-09-22,3725.583984375,
2022-09-23,3660.22314453125,
2022-09-26,3709.243896484375,
2022-09-27,3701.073974609375,
2022-09-28,3692.904052734375,
2022-09-29,3660.22314453125,
2022-09-30,3668.39306640625,
2022-10-03,3701.073974609375,
2022-10-04,3790.945556640625,
2022-10-05,3709.243896484375,
2022-10-06,3684.733642578125,
2022-10-07,3627.542236328125,
2022-10-10,3570.3515625,
2022-10-11,3619.372314453125,
2022-10-12,3594.86181640625,
2022-10-13,3554.011474609375,
2022-10-14,3488.650390625,
2022-10-17,3513.160400390625,
2022-10-18,3504.990478515625,
2022-10-19,3513.160400390625,
2022-10-20,3586.691650390625,
2022-10-21,3619.372314453125,
2022-10-24,3676.56298828125,
2022-10-25,3750.094970703125,
2022-10-26,3701.073974609375,
2022-10-27,3758.2646484375,
2022-10-28,3782.775634765625,
2022-10-31,3799.115478515625,
2022-11-01,3807.285888671875,
2022-11-02,3766.4345703125,
2022-11-03,3799.115478515625,
2022-11-04,3799.115478515625,
2022-11-07,3831.79638671875,
2022-11-08,3774.60498046875,
2022-11-09,3799.115478515625,
2022-11-10,3701.073974609375,
2022-11-11,3799.115478515625,
2022-11-14,3741.9248046875,
2022-11-15,3741.9248046875,
2022-11-16,3692.904052734375,
2022-11-17,3815.455322265625,
2022-11-18,3766.4345703125,
2022-11-21,3750.094970703125,
2022-11-22,3750.094970703125,
2022-11-23,3815.455322265625,
2022-11-24,3856.306884765625,
2022-11-25,3880.81689453125,
2022-11-28,3938.008056640625,
2022-11-29,3962.51806640625,
2022-11-30,4068.73095703125,
2022-12-01,4036.049560546875,
2022-12-02,3995.19873046875,
2022-12-05,3995.19873046875,
2022-12-06,3970.6884765625,
2022-12-07,3888.98681640625,
2022-12-08,3954.348388671875,
2022-12-09,3921.667724609375,
2022-12-12,3962.51806640625,
2022-12-13,4060.560302734375,
2022-12-14,4068.73095703125,
2022-12-15,4011.539306640625,
2022-12-16,4068.73095703125,
2022-12-19,4060.560302734375,
2022-12-20,4011.539306640625,
2022-12-21,3995.19873046875,
2022-12-22,4052.389892578125,
2022-12-23,3987.028564453125,
2022-12-26,4027.87939453125,
2022-12-27,3978.85888671875,
2022-12-28,3938.008056640625,
2022-12-29,3978.85888671875,
2022-12-30,4036.049560546875,
2023-01-02,3978.85888671875,
2023-01-03,3962.51806640625,
2023-01-04,3897.15771484375,
2023-01-05,3790.945556640625,
2023-01-06,3774.60498046875,
2023-01-09,3750.094970703125,
2023-01-10,3664.884033203125,
2023-01-11,3623.52001953125,
2023-01-12,3722.7939453125,
2023-01-13,3706.24853515625,
2023-01-16,3739.34033203125,
2023-01-17,3772.431396484375,
2023-01-18,3805.52294921875,
2023-01-19,3813.795654296875,
2023-01-20,3846.887451171875,
2023-01-24,3822.068603515625,
2023-01-25,3772.431396484375,
2023-01-26,3797.25048828125,
2023-01-27,3838.61474609375,
2023-01-30,3813.795654296875,
2023-01-31,3788.9775390625,
2023-02-01,3871.705810546875,
2023-02-02,3805.52294921875,
2023-02-03,3929.6162109375,
2023-02-06,3921.34326171875,
2023-02-07,3929.6162109375,
2023-02-08,3962.707763671875,
2023-02-09,3979.25341796875,
2023-02-10,4020.617919921875,
2023-02-13,3970.980712890625,
2023-02-14,4028.890869140625,
2023-02-15,4028.890869140625,
2023-02-16,4028.890869140625,
2023-02-17,4037.163330078125,
2023-02-20,4037.163330078125,
2023-02-21,3987.5263671875,
2023-02-22,3937.888916015625,
2023-02-23,3970.980712890625,
2023-02-24,3937.888916015625,
2023-02-27,3979.25341796875,
2023-02-28,3863.4326171875,
2023-03-01,3904.7978515625,
2023-03-02,3954.434814453125,
2023-03-03,3937.888916015625,
2023-03-06,3962.707763671875,
2023-03-07,4004.072265625,
2023-03-08,4004.072265625,
2023-03-09,3979.25341796875,
2023-03-10,3987.5263671875,
2023-03-13,3995.79931640625,
2023-03-14,3896.524658203125,
2023-03-15,3888.251953125,
2023-03-16,3913.07080078125,
2023-03-17,4053.709228515625,
2023-03-20,4037.163330078125,4173.5938
2023-03-21,4053.709228515625,4177.7417
2023-03-24,4141.59619140625,4198.1763
2023-03-27,4115.5478515625,4264.8506
2023-03-28,4141.59619140625,4266.104
2023-03-29,4176.326171875,4285.3613
2023-03-30,4124.23046875,4323.444
2023-03-31,4106.86572265625,4296.118
2023-04-03,4167.6435546875,4266.928
2023-04-04,4185.0087890625,4311.8843
2023-04-05,4193.69140625,4344.8604
2023-04-06,4202.3740234375,4341.6377
2023-04-10,4219.7392578125,4345.75
2023-04-11,4237.10400390625,4371.646
2023-04-12,4280.51708984375,4388.277
2023-04-13,4323.9306640625,4421.3516
2023-04-14,4406.41455078125,4469.4165
2023-04-17,4332.6123046875,4547.7754
2023-04-18,4297.88232421875,4496.211
2023-04-26,4363.00146484375,4459.1304
2023-04-27,4471.53466796875,4504.5527
2023-04-28,4428.12158203125,4607.7964
2023-05-02,4471.53466796875,4587.845
2023-05-03,4428.12158203125,4618.679
2023-05-04,4471.53466796875,4595.356
2023-05-05,4536.6533203125,4623.755
2023-05-08,4428.12158203125,4669.914
2023-05-09,4449.8271484375,4609.2646
2023-05-10,4471.53466796875,4598.9077
2023-05-11,4471.53466796875,4617.693
2023-05-12,4471.53466796875,4633.135
2023-05-15,4471.53466796875,4629.703
2023-05-16,4514.94677734375,4621.657
2023-05-17,4514.94677734375,4658.066
2023-05-19,4688.5986328125,4664.9424
2023-05-22,4710.3056640625,4802.778
2023-05-23,4775.42529296875,4850.249
2023-05-24,4862.2509765625,4915.0063
2023-05-25,4753.71826171875,4990.1406
2023-05-26,4862.2509765625,4928.9805
2023-05-29,4818.83740234375,4990.8374
2023-05-30,4775.42529296875,4974.533
2023-05-31,4840.5439453125,4951.5713
2023-06-05,4710.3056640625,4979.1484
2023-06-06,4732.01171875,4895.1284
2023-06-07,4688.5986328125,4888.4663
2023-06-08,4753.71826171875,4846.9487
2023-06-09,4710.3056640625,4897.561
2023-06-12,4688.5986328125,4859.5693
2023-06-13,4818.83740234375,4843.6157
2023-06-14,4818.83740234375,4940.693
2023-06-15,4797.13134765625,4966.161
2023-06-16,4818.83740234375,4948.741
2023-06-19,4797.13134765625,4955.5117
2023-06-20,4818.83740234375,4951.9653
2023-06-21,4840.5439453125,4962.4976
2023-06-22,4753.71826171875,4982.5073
2023-06-23,4688.5986328125,4929.5566
2023-06-26,4732.01171875,4855.098
2023-06-27,4710.3056640625,4876.945
2023-07-03,4753.71826171875,4864.906
2023-07-04,4732.01171875,4897.326
2023-07-05,4732.01171875,4879.4478
2023-07-06,4710.3056640625,4880.1035
2023-07-07,4666.89208984375,4866.974
2023-07-10,4688.5986328125,4825.873
2023-07-11,4710.3056640625,4832.7915
2023-07-12,4732.01171875,4858.142
2023-07-13,4732.01171875,4880.691
2023-07-14,4797.13134765625,4882.4854
2023-07-17,4840.5439453125,4933.6797
2023-07-18,4883.95751953125,4981.411
2023-07-20,4883.95751953125,5021.7495
2023-07-21,4883.95751953125,5027.4487
2023-07-24,4862.2509765625,5033.217
2023-07-25,4905.66357421875,5018.5767
2023-07-26,4927.37060546875,5050.8315
2023-07-27,4905.66357421875,5077.0127
2023-07-28,4949.07666015625,5061.07
2023-07-31,4905.66357421875,5084.357
2023-08-01,4949.07666015625,5064.557
2023-08-02,4949.07666015625,5088.7563
2023-08-03,4949.07666015625,5091.973
2023-08-04,4840.5439453125,5097.0103
2023-08-07,4949.07666015625,5013.152
2023-08-08,4883.95751953125,5078.08
2023-08-09,4949.07666015625,5042.5527
2023-08-10,4949.07666015625,5086.729
2023-08-11,4905.66357421875,5086.4463
2023-08-14,4905.66357421875,5063.747
2023-08-15,4840.5439453125,5046.015
2023-08-16,4797.13134765625,5001.6724
2023-08-18,4840.5439453125,4956.145
2023-08-21,4775.42529296875,4982.978
2023-08-22,4840.5439453125,4935.2803
2023-08-23,4862.2509765625,4981.226
2023-08-24,4818.83740234375,4997.6274
2023-08-25,4862.2509765625,4978.213
2023-08-28,4818.83740234375,4990.876
2023-08-29,4862.2509765625,4972.697
2023-08-30,4797.13134765625,5000.764
2023-08-31,4818.83740234375,4957.071
2023-09-01,4840.5439453125,4969.83
2023-09-04,4883.95751953125,4987.6377
2023-09-05,4883.95751953125,5026.473
2023-09-06,4840.5439453125,5024.7715
2023-09-07,4732.01171875,4998.886
2023-09-08,4645.18603515625,4902.986
2023-09-11,4710.3056640625,4816.733
2023-09-12,4666.89208984375,4852.0894
2023-09-13,4688.5986328125,4833.754
2023-09-14,4710.3056640625,4838.749
2023-09-15,4666.89208984375,4856.06
2023-09-18,4623.47998046875,4824.847
2023-09-19,4666.89208984375,4782.0425
2023-09-20,4666.89208984375,4799.04
2023-09-21,4645.18603515625,4816.5254
2023-09-22,4645.18603515625,4804.629
2023-09-25,4601.77294921875,4798.039
2023-09-26,4514.94677734375,4772.376
2023-09-27,4536.6533203125,4691.96
2023-09-29,4536.6533203125,4684.9653
2023-10-02,4558.35986328125,4684.4893
2023-10-03,4580.06689453125,4707.8853
2023-10-04,4558.35986328125,4722.6836
2023-10-05,4493.24072265625,4720.7144
2023-10-06,4493.24072265625,4665.2476
2023-10-09,4449.8271484375,4648.731
2023-10-10,4493.24072265625,4608.9146
2023-10-11,4558.35986328125,4639.7495
2023-10-12,4601.77294921875,4697.3696
2023-10-13,4580.06689453125,4748.244
2023-10-16,4558.35986328125,4738.941
2023-10-17,4471.53466796875,4720.4976
2023-10-18,4471.53466796875,4642.8594
2023-10-19,4341.29541015625,4627.585
2023-10-20,4384.708984375,4525.47
2023-10-23,4341.29541015625,4542.2173
2023-10-24,4428.12158203125,4508.5303
2023-10-25,4493.24072265625,4575.6216
2023-10-26,4271.8349609375,4626.4697
2023-10-27,4341.29541015625,4467.648
2023-10-30,4341.29541015625,4472.4727
2023-10-31,4306.56494140625,4486.0093
2023-11-01,4193.69140625,4473.504
2023-11-02,4341.29541015625,4373.3164
2023-11-03,4428.12158203125,4472.2817
2023-11-06,4514.94677734375,4566.438
2023-11-07,4558.35986328125,4646.9785
2023-11-08,4536.6533203125,4687.2773
2023-11-09,4514.94677734375,4689.222
2023-11-10,4406.41455078125,4670.4033
2023-11-13,4363.00146484375,4587.929
2023-11-14,4406.41455078125,4542.693
2023-11-15,4558.35986328125,4572.2144
2023-11-16,4558.35986328125,4684.932
2023-11-17,4536.6533203125,4720.2593
2023-11-20,4558.35986328125,4693.9873
2023-11-21,4514.94677734375,4699.7583
2023-11-22,4580.06689453125,4668.519
2023-11-23,4645.18603515625,4724.147
2023-11-24,4688.5986328125,4790.0317
2023-11-27,4645.18603515625,4837.9443
2023-11-28,4645.18603515625,4816.8604
2023-11-29,4601.77294921875,4812.564
2023-11-30,4580.06689453125,4766.861
2023-12-01,4645.18603515625,4728.1543
2023-12-04,4775.42529296875,4779.1763
2023-12-05,4732.01171875,4902.3267
2023-12-06,4710.3056640625,4898.4087
2023-12-07,4753.71826171875,4871.6704
2023-12-08,4666.89208984375,4898.7656
2023-12-11,4601.77294921875,4842.205
2023-12-12,4623.47998046875,4760.851
2023-12-13,4601.77294921875,4763.7783
2023-12-14,4818.83740234375,4764.524
2023-12-15,4818.83740234375,4934.034
2023-12-18,4775.42529296875,4963.163
2023-12-19,4818.83740234375,4939.492
2023-12-20,4818.83740234375,4948.699
2023-12-21,4840.5439453125,4960.172
2023-12-22,4927.37060546875,4981.9546
2023-12-27,4883.95751953125,5059.739
2023-12-28,4970.78271484375,5047.1284
2023-12-29,4970.78271484375,5109.875
2024-01-02,5000.744140625,5118.597
2024-01-03,4934.65478515625,5143.186
2024-01-04,5022.7734375,5081.437
2024-01-05,5066.83251953125,5147.4326
2024-01-08,4956.6845703125,5199.625
2024-01-09,5022.7734375,5133.8022
2024-01-10,5022.7734375,5154.849
2024-01-11,5066.83251953125,5172.209
2024-01-12,5154.9521484375,5204.52
2024-01-15,5132.921875,5265.0874
2024-01-16,5132.921875,5269.834
2024-01-17,5088.8623046875,5270.276
2024-01-18,5066.83251953125,5234.3027
2024-01-19,5110.892578125,5217.9937
2024-01-22,5088.8623046875,5239.835
2024-01-23,5022.7734375,5234.2886
2024-01-24,4978.7138671875,5179.678
2024-01-25,4868.5654296875,5130.4814
2024-01-26,4780.44677734375,5038.5474
2024-01-29,4912.62451171875,4940.485
2024-01-30,4956.6845703125,5028.983
2024-01-31,5022.7734375,5088.716
2024-02-01,5066.83251953125,5149.0723
2024-02-02,5154.9521484375,5186.373
2024-02-05,5088.8623046875,5273.9185
2024-02-06,5132.921875,5234.1323
2024-02-07,5154.9521484375,5251.611
2024-02-12,5309.16015625,5281.4253
2024-02-13,5287.1298828125,5419.6104
2024-02-15,5397.2783203125,5421.2637
2024-02-16,5419.30810546875,5512.515
2024-02-19,5375.24853515625,5536.056
2024-02-20,5551.486328125,5508.4
2024-02-21,5551.486328125,5620.8955
2024-02-22,5507.4267578125,5664.089
2024-02-23,5397.2783203125,5635.6475
2024-02-26,5441.33740234375,5537.2915
2024-02-27,5397.2783203125,5557.2285
2024-02-28,5485.3974609375,5532.623
2024-02-29,5397.2783203125,5579.797
2024-03-01,5397.2783203125,5523.626
2024-03-04,5331.189453125,5520.878
2024-03-05,5397.2783203125,5458.5293
2024-03-06,5463.3681640625,5501.2617
2024-03-07,5485.3974609375,5560.944
2024-03-08,5595.54541015625,5598.3477
2024-03-13,5639.60546875,5671.797
2024-03-14,5625.88330078125,5735.4697
2024-03-15,5465.79736328125,5726.6465
2024-03-18,5488.66650390625,5602.4614
2024-03-19,5488.66650390625,5585.867
2024-03-20,5580.14453125,5602.016
2024-03-21,5580.14453125,5672.804
2024-03-22,5603.01416015625,5685.4487
2024-03-25,5717.361328125,5708.3374
2024-03-26,5763.10009765625,5788.727
2024-03-27,5717.361328125,5833.096
2024-03-28,5534.40576171875,5807.1714
2024-04-01,5420.05810546875,5667.007
2024-04-02,5191.3642578125,5549.3804
2024-04-03,5145.625,5365.6216
2024-04-04,5214.2333984375,5289.9614
2024-04-05,5168.494140625,5330.5127
2024-04-16,4894.06103515625,5303.1025
2024-04-17,4848.322265625,5080.869
2024-04-18,5008.408203125,4986.7773
2024-04-19,4825.45263671875,5098.7437
2024-04-22,4848.322265625,4992.247
2024-04-23,4848.322265625,4979.008
2024-04-24,4779.7138671875,4987.677
2024-04-25,4711.10595703125,4944.909
2024-04-26,4418.376953125,4864.888
2024-04-29,4363.490234375,4623.1333
2024-04-30,4519.00244140625,4531.878
2024-05-02,4354.34228515625,4619.5815
2024-05-03,4345.1943359375,4533.7856
2024-05-06,4381.78564453125,4509.3604
2024-05-07,4272.01220703125,4523.42
2024-05-08,4281.16015625,4445.3364
2024-05-13,4281.16015625,4419.6445
2024-05-14,4326.89892578125,4425.3564
2024-05-15,4409.22900390625,4460.1357
2024-05-16,4427.52490234375,4536.9785
2024-05-17,4500.70654296875,4586.589
2024-05-20,4409.22900390625,4655.4053
2024-05-21,4281.16015625,4577.4014
2024-05-22,4317.7509765625,4462.835
2024-05-27,4162.2392578125,4478.9185
2024-05-28,4143.943359375,4360.961
2024-05-29,4034.170166015625,4311.3525
2024-05-30,4006.726806640625,4224.689
2024-05-31,3970.1357421875,4192.4604
2024-06-03,4143.943359375,4129.106
2024-06-04,4070.76123046875,4244.735
2024-06-05,4025.022216796875,4217.49
2024-06-06,4116.5,4187.755
2024-06-07,3979.28369140625,4232.665
2024-06-10,4025.022216796875,4161.045
2024-06-11,3970.1357421875,4178.87
2024-06-12,3979.28369140625,4130.389
2024-06-13,3942.6923828125,4131.3555
2024-06-14,3823.771240234375,4099.6133
2024-06-19,3750.5888671875,3992.3408
2024-06-20,3906.101318359375,3917.1177
2024-06-21,4061.613525390625,4016.786
2024-06-24,4025.022216796875,4168.2188
2024-06-25,4006.726806640625,4172.351
2024-06-26,3997.578857421875,4150.1606
2024-06-27,4079.90869140625,4148.164
2024-06-28,4207.9775390625,4212.2773
2024-07-01,4235.42138671875,4331.008
2024-07-02,4180.5341796875,4378.279
2024-07-03,4207.9775390625,4351.535
2024-07-04,4381.78564453125,4362.748
2024-07-05,4390.93359375,4517.9707
2024-07-08,4345.1943359375,4551.401
2024-07-09,4454.9677734375,4510.2246
2024-07-10,4436.67236328125,4588.593
2024-07-11,4427.52490234375,4604.0703
2024-07-12,4482.4111328125,4595.8237
2024-07-15,4409.22900390625,4629.819
2024-07-16,4326.89892578125,4592.921
2024-07-17,4354.34228515625,4508.8135
2024-07-18,4473.26318359375,4500.7114
2024-07-19,4482.4111328125,4602.324
2024-07-22,4491.55908203125,4638.9155
2024-07-23,4381.78564453125,4642.617
2024-07-24,4372.6376953125,4555.343
2024-07-25,4299.4560546875,4532.2856
2024-07-26,4354.34228515625,4461.451
2024-07-29,4372.6376953125,4496.007
2024-07-30,4272.01220703125,4522.395
2024-07-31,4272.01220703125,4446.9414
2024-08-01,4345.1943359375,4416.4795
2024-08-02,4308.603515625,4480.657
2024-08-05,4143.943359375,4466.283
2024-08-06,4207.9775390625,4318.4824
2024-08-07,4226.2734375,4332.3877
2024-08-08,4262.86474609375,4377.12
2024-08-09,4272.01220703125,4410.2085
2024-08-12,4281.16015625,4415.569
2024-08-13,4317.7509765625,4433.765
2024-08-14,4409.22900390625,4457.8164
2024-08-15,4418.376953125,4526.7373
2024-08-16,4418.376953125,4563.5024
2024-08-19,4409.22900390625,4579.0615
2024-08-20,4528.14990234375,4565.852
2024-08-21,4665.36669921875,4668.385
2024-08-22,4619.6279296875,4796.8926
2024-08-23,4711.10595703125,4788.308
2024-08-26,4848.322265625,4840.91
2024-08-27,4733.97509765625,4973.155
2024-08-28,4711.10595703125,4916.507
2024-08-29,4688.23583984375,4871.9565
2024-08-30,4711.10595703125,4850.6196
2024-09-02,4733.97509765625,4883.47
2024-09-03,4733.97509765625,4888.2466
2024-09-04,4665.36669921875,4888.5757
2024-09-05,4711.10595703125,4839.5776
2024-09-06,4779.7138671875,4855.844
2024-09-09,4733.97509765625,4908.146
2024-09-10,4802.58349609375,4893.274
2024-09-11,4733.97509765625,4935.3896
2024-09-12,4733.97509765625,4893.5547
2024-09-13,4848.322265625,4895.0776
2024-09-17,4848.322265625,4975.243
2024-09-18,4894.06103515625,4992.022
2024-09-19,4939.7998046875,5027.446
2024-09-20,4916.9306640625,5070.6934
2024-09-23,5031.27783203125,5070.956
2024-09-24,5054.1474609375,5146.7744
2024-09-25,4871.19189453125,5187.335
2024-09-26,4619.6279296875,5066.0522
2024-09-27,4665.36669921875,4824.74
2024-09-30,4528.14990234375,4812.7456
2024-10-01,4642.49755859375,4714.8
2024-10-02,4519.00244140625,4780.556
2024-10-03,4500.70654296875,4685.4834
2024-10-04,4445.8203125,4662.794
2024-10-07,4409.22900390625,4592.6035
2024-10-08,4573.88916015625,4563.7476
2024-10-09,4509.8544921875,4679.756
2024-10-10,4445.8203125,4663.541
2024-10-11,4482.4111328125,4606.5127
2024-10-14,4482.4111328125,4628.9194
2024-10-15,4500.70654296875,4638.905
2024-10-16,4528.14990234375,4653.1006
2024-10-17,4555.59375,4662.049
2024-10-18,4546.44580078125,4703.7065
2024-10-21,4564.7412109375,4697.784
2024-10-22,4482.4111328125,4715.4966
2024-10-23,4445.8203125,4661.981
2024-10-24,4409.22900390625,4623.938
2024-10-25,4363.490234375,4570.6104
2024-10-28,4354.34228515625,4526.6167
2024-10-29,4299.4560546875,4521.518
2024-10-30,4308.603515625,4467.0
2024-10-31,4390.93359375,4464.9805
2024-11-01,4299.4560546875,4527.383
2024-11-04,4317.7509765625,4470.9487
2024-11-05,4308.603515625,4465.4404
2024-11-06,4207.9775390625,4458.214
2024-11-07,4162.2392578125,4392.0176
2024-11-08,4134.7958984375,4327.946
2024-11-11,4079.90869140625,4292.8096
2024-11-12,4116.5,4249.891
2024-11-13,4189.68212890625,4260.5967
2024-11-14,4116.5,4316.929
2024-11-15,4089.056640625,4279.352
2024-11-18,3979.28369140625,4239.6567
2024-11-19,3988.43115234375,4146.3335
2024-11-20,3960.98779296875,4140.8716
2024-11-21,3887.805419921875,4113.193
2024-11-22,4025.022216796875,4051.1946
2024-11-25,4089.056640625,4146.1084
2024-11-26,4025.022216796875,4222.4893
2024-11-28,3960.98779296875,4183.016
2024-11-29,3887.805419921875,4114.3364
2024-12-02,3814.623291015625,4047.9858
2024-12-03,3878.657958984375,3982.414
2024-12-04,3979.28369140625,4010.962
2024-12-05,3896.953369140625,4111.5083
2024-12-06,3942.6923828125,4071.0037
2024-12-09,4015.874267578125,4080.4324
2024-12-10,3988.43115234375,4138.531
2024-12-11,4006.726806640625,4139.658
2024-12-12,3896.953369140625,4136.9424
2024-12-13,3814.623291015625,4060.8633
2024-12-16,3887.805419921875,3998.4136
2024-12-17,3796.327880859375,4032.5972
2024-12-18,3796.327880859375,3971.3848
2024-12-19,3741.441162109375,3950.3452
2024-12-20,3713.997802734375,3888.949
2024-12-23,3851.214599609375,3853.3877
2024-12-24,3842.06689453125,3947.635
2024-12-27,3875.147216796875,3979.5286
2024-12-30,3856.244140625,4012.966
2025-01-02,3979.11474609375,3998.06
2025-01-03,3922.4052734375,4099.3564
2025-01-06,3875.147216796875,4074.2756
2025-01-07,3808.986328125,4027.9521
2025-01-08,3856.244140625,3964.8342
2025-01-09,3808.986328125,4000.0786
2025-01-10,3790.0830078125,3963.778
2025-01-13,3638.85791015625,3942.8657
2025-01-14,3591.599853515625,3817.3035
2025-01-15,3865.69580078125,3747.8052
2025-01-16,3931.856689453125,3935.8047
2025-01-17,3865.69580078125,4048.6401
2025-01-20,3988.566162109375,4006.6453
2025-01-21,4026.37255859375,4096.6675
2025-01-22,4026.37255859375,4157.304
2025-01-23,4064.178955078125,4177.249
2025-01-24,3960.21142578125,4195.8223
2025-01-30,3894.050537109375,4136.5767
2025-01-31,3988.566162109375,4072.2207
2025-02-03,4016.9208984375,4125.6294
2025-02-04,4026.37255859375,4167.324
2025-02-05,3912.95361328125,4180.745
2025-02-06,3752.27685546875,4079.034
2025-02-07,3808.986328125,3928.8792
2025-02-10,3752.27685546875,3941.4019
2025-02-11,3790.0830078125,3899.506
2025-02-12,3808.986328125,3925.484
2025-02-13,3771.179931640625,3943.3445
2025-02-14,3648.309326171875,3919.7703
2025-02-17,3808.986328125,3797.7886
2025-02-18,3922.4052734375,3900.3582
2025-02-19,3799.53466796875,4027.4473
2025-02-20,3695.5673828125,3958.052
2025-02-21,3676.6640625,3839.8726
2025-02-24,3705.018798828125,3826.0251
2025-02-25,3591.599853515625,3850.4187
2025-02-26,3610.503173828125,3748.962
2025-02-27,3430.923095703125,3732.8555
2025-02-28,3175.73046875,3592.375
2025-03-03,3468.7294921875,3345.52
2025-03-04,3468.7294921875,3523.2231
2025-03-05,3629.40625,3587.0889
2025-03-06,3733.37353515625,3717.6133
2025-03-07,3601.051513671875,3803.146
2025-03-10,3553.793701171875,3750.731
2025-03-11,3582.1484375,3693.5454
2025-03-12,3676.6640625,3696.8667
2025-03-13,3591.599853515625,3792.65
2025-03-14,3544.342041015625,3753.6753
2025-03-17,3619.95458984375,3693.5037
2025-03-18,3478.180908203125,3743.1897
2025-03-19,3506.53564453125,3657.4973
2025-03-20,3459.27783203125,3639.467
2025-03-21,3497.084228515625,3577.1438
2025-03-24,3412.02001953125,3613.1682
2025-03-25,3591.599853515625,3544.6108
2025-03-26,3780.631591796875,3686.1855
2025-03-27,3827.889404296875,3873.3108
2025-04-08,3440.374755859375,3952.9172
2025-04-09,3430.923095703125,3637.2163
2025-04-10,3591.599853515625,3555.799
2025-04-11,3630.0,3685.5806
2025-04-14,3690.0,3761.6526
2025-04-15,3690.0,3804.7683
2025-04-16,3650.0,3841.5222
2025-04-17,3640.0,3795.8545
2025-04-21,3620.0,3764.0632
2025-04-22,3630.0,3743.139
2025-04-23,3760.0,3755.9412
2025-04-24,3730.0,3847.5178
2025-04-25,3740.0,3868.6384
2025-04-28,3840.0,3896.3367
2025-04-29,3850.0,3966.4646
2025-04-30,3850.0,3977.4158
2025-05-02,3880.0,3980.494
2025-05-05,3860.0,4003.777
2025-05-06,3880.0,3996.554
2025-05-07,3910.0,4029.0522
2025-05-08,3790.0,4068.7617
2025-05-09,3840.0,3979.482
2025-05-14,4090.0,3961.2385
2025-05-15,4270.0,4161.8413
2025-05-16,4250.0,4369.0938
2025-05-19,4230.0,4391.148
2025-05-20,4210.0,4372.148
2025-05-21,4260.0,4372.406
2025-05-22,4300.0,4414.079
2025-05-23,4350.0,4446.5103
2025-05-26,4320.0,4496.255
2025-05-27,4370.0,4485.0054
2025-05-28,4450.0,4524.447
